-- --------------------------------------------------------
-- Host:                         localhost
-- Server version:               10.11.2-MariaDB - mariadb.org binary distribution
-- Server OS:                    Win64
-- HeidiSQL Version:             12.5.0.6677
-- --------------------------------------------------------

/*!40101 SET @OLD_CHARACTER_SET_CLIENT=@@CHARACTER_SET_CLIENT */;
/*!40101 SET NAMES utf8 */;
/*!50503 SET NAMES utf8mb4 */;
/*!40103 SET @OLD_TIME_ZONE=@@TIME_ZONE */;
/*!40103 SET TIME_ZONE='+00:00' */;
/*!40014 SET @OLD_FOREIGN_KEY_CHECKS=@@FOREIGN_KEY_CHECKS, FOREIGN_KEY_CHECKS=0 */;
/*!40101 SET @OLD_SQL_MODE=@@SQL_MODE, SQL_MODE='NO_AUTO_VALUE_ON_ZERO' */;
/*!40111 SET @OLD_SQL_NOTES=@@SQL_NOTES, SQL_NOTES=0 */;

-- Dumping structure for table farmworkphp.budget
CREATE TABLE IF NOT EXISTS `budget` (
  `id` int(11) NOT NULL AUTO_INCREMENT,
  `parent_id` int(11) NOT NULL DEFAULT 0,
  `budget_name` varchar(150) NOT NULL,
  `budget_amount` decimal(19,2) NOT NULL,
  `budget_amount_actual` decimal(19,2) NOT NULL,
  `is_done` tinyint(4) NOT NULL DEFAULT 0,
  `is_default` tinyint(4) NOT NULL DEFAULT 0,
  `budget_date` datetime NOT NULL DEFAULT current_timestamp(),
  PRIMARY KEY (`id`) USING BTREE
) ENGINE=InnoDB AUTO_INCREMENT=125 DEFAULT CHARSET=utf8mb4 COLLATE=utf8mb4_general_ci COMMENT='Keeps financial planning and budgeting records';

-- Dumping data for table farmworkphp.budget: ~11 rows (approximately)
DELETE FROM `budget`;
INSERT INTO `budget` (`id`, `parent_id`, `budget_name`, `budget_amount`, `budget_amount_actual`, `is_done`, `is_default`, `budget_date`) VALUES
	(72, 0, 'Equipment expences', 0.00, 0.00, 0, 0, '2022-02-01 00:00:00'),
	(73, 72, 'Bush Hog', -2500.00, 0.00, 0, 0, '2021-11-30 00:00:00'),
	(74, 72, 'Tractor Tiller', -3000.00, 0.00, 0, 0, '2021-11-30 00:00:00'),
	(75, 72, 'Grain Bin 10 tone', -3000.00, 0.00, 0, 0, '2021-11-30 00:00:00'),
	(76, 72, 'Box Blade', -2000.00, 0.00, 0, 0, '2021-11-30 00:00:00'),
	(77, 72, 'Snow Blower', -2000.00, 0.00, 0, 0, '2021-11-30 00:00:00'),
	(78, 0, 'End Work This Year', 0.00, 0.00, 0, 1, '2023-02-07 00:00:00'),
	(80, 78, 'German Shepherd Puppies', 3000.00, 1000.00, 0, 0, '2023-03-31 00:00:00'),
	(81, 78, 'Beef Sales', 4000.00, 4800.00, 0, 0, '2023-02-16 00:00:00'),
	(82, 78, 'Cattle', -2800.00, 0.00, 0, 0, '2023-02-28 00:00:00'),
	(83, 78, 'Butcher Fees', -1200.00, 0.00, 0, 0, '2023-03-28 00:00:00');

-- Dumping structure for table farmworkphp.contact
CREATE TABLE IF NOT EXISTS `contact` (
  `id` char(36) NOT NULL DEFAULT uuid(),
  `name` varchar(100) NOT NULL,
  `address` varchar(150) DEFAULT NULL,
  `phone` varchar(50) DEFAULT NULL,
  `email` varchar(50) DEFAULT NULL,
  `note` varchar(250) DEFAULT NULL,
  `type` tinyint(4) NOT NULL DEFAULT 1,
  `created_at` datetime NOT NULL DEFAULT current_timestamp(),
  PRIMARY KEY (`id`) USING BTREE
) ENGINE=InnoDB DEFAULT CHARSET=utf8mb4 COLLATE=utf8mb4_general_ci COMMENT='Keeps contacts for contact book and vendors (for transactions and others)\r\n0 - normal contact\r\n1 - vendor\r\n2 - customer';

-- Dumping data for table farmworkphp.contact: ~52 rows (approximately)
DELETE FROM `contact`;
INSERT INTO `contact` (`id`, `name`, `address`, `phone`, `email`, `note`, `type`, `created_at`) VALUES
	('08972545-b264-11ed-9b18-d8cb8ac0caec', 'Kathy Pietrasik', '#130 on Highway 570 Sesenika', '705-642-9180', NULL, 'wanted more ground beef', 2, '2023-02-21 22:49:59'),
	('08fbabe8-e808-11eb-8df3-d8cb8ac0caec', 'Northern Feed & Supplies', '964027 Development Rd, Thornloe, ON P0J 1S0', '705-647-5365', '', 'supplier for bulk feed and other farm items', 1, '2021-07-18 16:37:50'),
	('0b09f1ff-952d-11ed-8ff1-d8cb8ac0caec', 'Rita', '1136 Park Ave, Timmins', '705-465-1014', NULL, 'Bought beef only once, buys tounge and ox tail for $8 lb', 2, '2023-01-15 18:33:40'),
	('0e00ff77-952f-11ed-8ff1-d8cb8ac0caec', 'Richard Dechene', '158 Croatia Ave, Schumacher', '705-360-3629', NULL, 'Older couple. First time buyer. Was buying beef from another farm before.', 2, '2023-01-15 18:48:04'),
	('0f0f6a0f-952e-11ed-8ff1-d8cb8ac0caec', 'Anthony', '583 Couture Ave, Timmins', '705-268-2540', NULL, 'Brothers, buys package every 3 months', 2, '2023-01-15 18:40:57'),
	('10270cb8-be27-11ed-a0e4-d8cb8ac0caec', 'Englehart ESSO', '141 4th Ave, Englehart, ON P0J 1H0', '705-544-5445', '', '', 1, '2023-03-08 22:04:04'),
	('11d2fef9-e813-11eb-8df3-d8cb8ac0caec', 'Temiskaming Livestock Exchange Ltd 1992', '883006 ON-65 RR 3, New Liskeard, ON P0J 1P0', '705-647-5415', '', 'Livestock Exchange. Barn sale of livestock.', 1, '2021-07-18 17:56:49'),
	('20b7aa69-a703-11ed-92a1-d8cb8ac0caec', 'Michelle', NULL, '705-288-7432', NULL, 'Works at HomeDepot. Complained about small size of steaks. Said will go to store and check the size of steaks there.', 2, '2023-02-07 11:18:52'),
	('27a8c054-b264-11ed-9b18-d8cb8ac0caec', 'Renee Brets OC', '105 Charland Rd S, Connaught', '705-232-8828', NULL, NULL, 2, '2023-02-21 22:50:51'),
	('32db8849-952e-11ed-8ff1-d8cb8ac0caec', 'Dave Cote', '63 Tamarack St, Timmins', '705-363-5225', NULL, 'Buys beef every month. Work Address: Building of Foodland', 2, '2023-01-15 18:41:57'),
	('37eff9c2-c083-11ed-a0c9-d8cb8ac0caec', 'Canadian Tire Gas+', '165 Government Rd W, Kirkland Lake, ON P2N 2E8', NULL, NULL, NULL, 1, '2023-03-11 22:08:41'),
	('3ca22f14-be1a-11ed-a0e4-d8cb8ac0caec', 'Timmins Garage Inc.', '1395 Riverside Dr, Timmins, ON P4R 1A6', '705-268-4122', 'contactus@timminsgarage.com', NULL, 1, '2023-03-08 20:32:15'),
	('40233c6c-142e-11ec-808f-d8cb8ac0caec', 'Thornloe Farm Supply Inc', '31 Main St, Thornloe, ON, P0J 1S0', '705-563-2555', '', 'Farm supply store', 1, '2021-09-12 21:01:29'),
	('42e3cf72-1a10-11ec-9d60-d8cb8ac0caec', 'Ontario Stockyards Inc', '3807 ON-89, Cookstown, ON L0L 1L0', '705-458-4000', '', 'Livestock auction. Barn livestock sales.', 1, '2021-09-20 08:42:46'),
	('51021095-952d-11ed-8ff1-d8cb8ac0caec', 'Peter + Elena', '8345 Kamiskotia Rd, Timmins', '705-365-2131', NULL, 'Buys package once a month, likes soup bones', 2, '2023-01-15 18:35:38'),
	('5790eb4a-b264-11ed-9b18-d8cb8ac0caec', 'Trina Peever', '68 Cecil Ave, South Porcupine', '705-266-6563', 'peevertrina@gmail.com', 'Gave feedback and liked our meat', 2, '2023-02-21 22:52:12'),
	('5b839dbe-a703-11ed-92a1-d8cb8ac0caec', 'Deneen Ross-Babin ', '108 Maple St South, Timmins', '705-274-1607 ', NULL, 'Older lady from Timmins, found me trough facebook. Loves our meat a lot and left amazing comment on Matheson facebook group.', 2, '2023-02-07 11:20:30'),
	('5e601fba-be1e-11ed-a0e4-d8cb8ac0caec', 'Circle K', ' 287 Algonquin Blvd W, Timmins, ON P4N 2R9', '705-267-0316', NULL, NULL, 1, '2023-03-08 21:01:50'),
	('60ce3803-b263-11ed-9b18-d8cb8ac0caec', 'Lori-Ann Morin', '138 Lincoln Ave, Timmins', '705-268-6625', NULL, NULL, 2, '2023-02-21 22:45:18'),
	('66723273-952e-11ed-8ff1-d8cb8ac0caec', 'Curtis', '130 Camille St, Timmins', '705-262-7763', NULL, 'Wants 15 lb of ground beef in package', 2, '2023-01-15 18:43:23'),
	('6fab9fc6-952d-11ed-8ff1-d8cb8ac0caec', 'Jerry', '51 Lincoln ave, Timmins', '705-360-3671', NULL, 'Buys a package once every 2 months. Likes roast and doesn\'t like ground beef.', 2, '2023-01-15 18:36:29'),
	('75aef112-c224-11ed-8038-d8cb8ac0caec', 'Rick Ragogna', '16 Cody Ave East, Timmins', '705-363-0067', '', 'Potentialy her daughter will buy meet too.', 2, '2023-03-14 00:55:35'),
	('7775b8f5-a8cc-11ec-ac57-d8cb8ac0caec', 'LEIS Landscaping & Country Store', '998063 Hwy 11 North, New Liskeard, Ontario, P0J 1P0', '705-648-1384', 'lw@xplornet.ca', NULL, 1, '2022-03-21 00:07:32'),
	('797e5e64-e83d-11eb-8df3-d8cb8ac0caec', 'Petro-Canada', '4310 Harold Ave, South Porcupine, ON P0N 1H0', '705-235-4797', '', 'One of the local gas stations', 1, '2021-07-18 23:00:22'),
	('7df857a4-b264-11ed-9b18-d8cb8ac0caec', 'Thomas Laura', '132 Anson Dr Iroquois Falls, ON P0K 1E0', '705-349-1301', NULL, 'A lady from iroqious falls, doesn\'t have vehicle. Will buy every once in 3-4 months.', 2, '2023-02-21 22:53:16'),
	('81a77d42-a76d-11eb-80d2-d8cb8ac0caec', 'Little Bit Western', '372 Algonquin Boulevard W, Timmins, On, P4N 2S2, Canada', '705-268-0822', '', 'Feed store. A bit on expensive side. Doesn\'t sell much for Cattle. Mostly things for chicken, hogs and horses.', 1, '2019-04-29 21:31:35'),
	('81a77fe9-a76d-11eb-80d2-d8cb8ac0caec', 'Northern Allied', '352 Railway St, Timmins, On, P4N 2P6, Canada', '7052645291', NULL, 'Metal supply company. The only one in Timmins.', 1, '2020-02-18 23:39:43'),
	('81a781a5-a76d-11eb-80d2-d8cb8ac0caec', 'Mark', 'Matheson, On, p0k 1n0, Canada', '705-262-3433', NULL, 'Neighbour farmer. Wants to buy cattle. May not keep the word.', 3, '2020-02-27 10:59:32'),
	('81a78279-a76d-11eb-80d2-d8cb8ac0caec', 'Railside General Supplies', '3272 Monahan Rd, Val Gagne, On, P0K 1W0, Canada', '705-232-6662', NULL, 'Manonite owned feed store, with more or less ok prices', 1, '2020-01-05 07:01:53'),
	('81a78332-a76d-11eb-80d2-d8cb8ac0caec', 'Samuel M.', 'On, Canada', '705-232-2380', NULL, 'Manonite. Sells lumber and posts for fencing or/and construction.', 1, '2020-04-08 17:19:45'),
	('81a783e7-a76d-11eb-80d2-d8cb8ac0caec', 'Cleason Marting', 'Country Ln, Val Gagne, On, Canada', '705-232-2039', NULL, 'Manonite. Sells bolts, pins and other metal hardware. The place is the first house on Hwy 11/Country Ln.', 1, '2020-04-08 17:23:04'),
	('81a784ae-a76d-11eb-80d2-d8cb8ac0caec', 'Northern Veterinary Hospital', '#741, HWY 67, Iroquois Falls, On, P0K1G0, Canada', '705-232-7700', NULL, 'Cattle and dog vaccinations', 1, '2020-01-05 12:08:41'),
	('83c3609f-a702-11ed-92a1-d8cb8ac0caec', 'Alicia Cornelsen', '90 Broadway Ave, South Porcupine, P0N 1H0', '705-221-1737', NULL, 'Dave\'s friend', 2, '2023-02-07 11:14:28'),
	('860dc8f4-b263-11ed-9b18-d8cb8ac0caec', 'Dale Brisson', '56 Strachan Ave, South Porcupine', '705 363 8727 ', NULL, 'contractor. bought small package $100', 2, '2023-02-21 22:46:20'),
	('89f2e7fa-bb7e-11ed-a725-d8cb8ac0caec', 'Tom Dupuis', '305 Ann Ave, Timmins, P4N 1V4', 'Tom 705-363-5937, Mary 705-406-4030', '', 'Buys a whole calf at around 530 lbs weight', 2, '2023-03-05 12:52:47'),
	('8ace6383-952e-11ed-8ff1-d8cb8ac0caec', 'Melanie', '219 Wende Ave, Timmins', '705-262-9620', NULL, 'Dave gf’s friend', 2, '2023-01-15 18:44:24'),
	('a62e785f-952e-11ed-8ff1-d8cb8ac0caec', 'Rocio', '211 Malette Crescent, Timmins', '705-347-9738', NULL, 'Rita\'s friend', 2, '2023-01-15 18:45:10'),
	('a6f4ecd8-a702-11ed-92a1-d8cb8ac0caec', 'Michel Blais', '360 Sixth Avenue, Timmins', '705-221-6303', NULL, 'realtor', 2, '2023-02-07 11:15:27'),
	('b84b8198-be22-11ed-a0e4-d8cb8ac0caec', 'ESSO Timmins', '562 Algonquin Blvd E, Timmins, ON P4N 1B7', NULL, NULL, NULL, 1, '2023-03-08 21:32:59'),
	('ba90d7a7-b264-11ed-9b18-d8cb8ac0caec', 'Jessica Kelso', '7832 Frederickhouse lake road, Connaught', '705-262-3688', NULL, NULL, 2, '2023-02-21 22:54:58'),
	('c19fa423-be1e-11ed-a0e4-d8cb8ac0caec', 'Circle K (Shell)', '565 Algonquin Blvd E, Timmins, ON P4N 7N5', NULL, NULL, NULL, 1, '2023-03-08 21:04:36'),
	('c2189152-a702-11ed-92a1-d8cb8ac0caec', 'Patricia B', '162 Government Road South, Timmins', '705-264-5335', NULL, 'Works at HomeDepot', 2, '2023-02-07 11:16:13'),
	('c46c7d26-be12-11ed-a0e4-d8cb8ac0caec', 'Car Quest', '413 Highway 11, Matheson, On , P0K 1N0', '7052732234', NULL, NULL, 1, '2023-03-08 19:38:47'),
	('cd60fe10-976e-11ec-bdb9-d8cb8ac0caec', 'A-Mar Meats', 'Red Deer Rd E, Val Gagné, ON P0K 1W0', '705-232-6328', '', 'A local butcher shop', 1, '2022-02-26 20:43:07'),
	('d4805f0d-b264-11ed-9b18-d8cb8ac0caec', 'Pat MacCoy', '113 summers ave, South Porcupine', '705-465-0117', NULL, 'on Connaught hill behind porcupine lake', 2, '2023-02-21 22:55:41'),
	('d5928c25-952e-11ed-8ff1-d8cb8ac0caec', 'Arlene', '407 Shub Ave, Timmins', '416-999-4718', NULL, 'Works in Home Depot, husband did not like some of the beef in package', 2, '2023-01-15 18:46:30'),
	('da8eb5e7-a702-11ed-92a1-d8cb8ac0caec', 'Dave Morris', '209 Princess St, Porcupine', '705-465-4988', NULL, 'Owns store, works at night. Gave feedback liked the meat.', 2, '2023-02-07 11:16:54'),
	('da9cdf97-b263-11ed-9b18-d8cb8ac0caec', 'Bonnie Ann Gasior ', '335 Little rd, Timmins', '705-235-2419 ', NULL, 'Old European couple. Loved our meat and wants to buy manure in a spring', 2, '2023-02-21 22:48:42'),
	('f2ba5e83-952d-11ed-8ff1-d8cb8ac0caec', 'Ernie', '992 Suzane st, Timmins', 'tel 705-268-4137, cel 705-465-3602', NULL, 'Brothers, buys package every 3 months', 2, '2023-01-15 18:40:09'),
	('f4ee6ed9-a702-11ed-92a1-d8cb8ac0caec', 'Herb', '411 Queen St, Porcupine', '705-235-2336', NULL, NULL, 2, '2023-02-07 11:17:38'),
	('fbb8e5a9-952e-11ed-8ff1-d8cb8ac0caec', 'Christina', '243 Kellyann Dr, Timmins', '705-221-0934', NULL, 'Ilana\'s native friend. Did not need meat and bought just because they\'re friends.', 2, '2023-01-15 18:47:34'),
	('ff82a87c-be24-11ed-a0e4-d8cb8ac0caec', 'Esso', '430 ON-11, Matheson, ON P0K 1N0', NULL, NULL, NULL, 1, '2023-03-08 21:49:17');

-- Dumping structure for table farmworkphp.contact_type
CREATE TABLE IF NOT EXISTS `contact_type` (
  `id` int(11) NOT NULL AUTO_INCREMENT,
  `type` varchar(50) NOT NULL DEFAULT '0',
  PRIMARY KEY (`id`)
) ENGINE=InnoDB AUTO_INCREMENT=4 DEFAULT CHARSET=utf8mb4 COLLATE=utf8mb4_general_ci;

-- Dumping data for table farmworkphp.contact_type: ~3 rows (approximately)
DELETE FROM `contact_type`;
INSERT INTO `contact_type` (`id`, `type`) VALUES
	(1, 'vendor'),
	(2, 'customer'),
	(3, 'contact');

-- Dumping structure for table farmworkphp.event
CREATE TABLE IF NOT EXISTS `event` (
  `id` char(36) NOT NULL DEFAULT uuid(),
  `ev_type_id` char(36) NOT NULL,
  `livestock_id` char(36) NOT NULL,
  `ev_value` varchar(50) NOT NULL DEFAULT '',
  `note` varchar(250) NOT NULL,
  `ev_date` datetime NOT NULL,
  `created_at` datetime NOT NULL DEFAULT current_timestamp(),
  PRIMARY KEY (`id`),
  KEY `FK_event_event_type` (`ev_type_id`),
  KEY `FK_event_livestock` (`livestock_id`),
  CONSTRAINT `FK_event_event_type` FOREIGN KEY (`ev_type_id`) REFERENCES `event_type` (`id`) ON DELETE CASCADE ON UPDATE CASCADE,
  CONSTRAINT `FK_event_livestock` FOREIGN KEY (`livestock_id`) REFERENCES `livestock` (`id`) ON DELETE CASCADE ON UPDATE CASCADE
) ENGINE=InnoDB DEFAULT CHARSET=utf8mb4 COLLATE=utf8mb4_general_ci COMMENT='Contains events that occured in the past';

-- Dumping data for table farmworkphp.event: ~0 rows (approximately)
DELETE FROM `event`;

-- Dumping structure for table farmworkphp.event_type
CREATE TABLE IF NOT EXISTS `event_type` (
  `id` char(36) NOT NULL DEFAULT uuid(),
  `ev_type_name` varchar(25) NOT NULL,
  `ev_type_desc` varchar(300) DEFAULT NULL,
  `created_at` datetime NOT NULL DEFAULT current_timestamp(),
  PRIMARY KEY (`id`) USING BTREE
) ENGINE=InnoDB DEFAULT CHARSET=utf8mb4 COLLATE=utf8mb4_general_ci COMMENT='Types of events for a farm livestock. Space column used selection order when displayed in the list on website.';

-- Dumping data for table farmworkphp.event_type: ~7 rows (approximately)
DELETE FROM `event_type`;
INSERT INTO `event_type` (`id`, `ev_type_name`, `ev_type_desc`, `created_at`) VALUES
	('006e21ef-acfc-11eb-a999-d8cb8ac0caec', 'Birth Date', 'Used to associate an animal’s birth date with its unique approved tag number.', '2019-05-05 21:00:17'),
	('0071c376-acfc-11eb-a999-d8cb8ac0caec', 'Weight', 'Used to report the weight of livestock.', '2020-01-04 16:01:31'),
	('00752389-acfc-11eb-a999-d8cb8ac0caec', 'Castration/Banding', 'Used to report of castration or banding of livestock', '2020-01-04 15:58:24'),
	('6f8a3e4a-5797-11ec-97c9-d8cb8ac0caec', 'Purchase', 'Used to report purchase date and price', '2021-12-07 14:54:00'),
	('7cd44d88-5797-11ec-97c9-d8cb8ac0caec', 'Sale', 'Used to report sale price and date', '2021-12-07 14:54:22'),
	('88f7cc5e-acfb-11eb-a999-d8cb8ac0caec', 'Medicated', 'Used to report medication use on a livestock', '2019-05-05 21:19:43'),
	('b1d57a36-acfb-11eb-a999-d8cb8ac0caec', 'Hoof Trimming', 'Used to report a hoof trimming performed on the animal', '2019-05-09 23:10:51');

-- Dumping structure for table farmworkphp.event_type_bak
CREATE TABLE IF NOT EXISTS `event_type_bak` (
  `ev_type_id` char(36) NOT NULL DEFAULT uuid(),
  `ev_type_name` varchar(20) NOT NULL,
  `ev_type_value` varchar(25) NOT NULL,
  `ev_type_desc` varchar(300) DEFAULT NULL,
  `place` tinyint(4) NOT NULL DEFAULT 100,
  `created_at` datetime NOT NULL DEFAULT current_timestamp(),
  PRIMARY KEY (`ev_type_id`)
) ENGINE=InnoDB DEFAULT CHARSET=utf8mb4 COLLATE=utf8mb4_general_ci COMMENT='Types of events for a farm livestock. Space column used selection order when displayed in the list on website.';

-- Dumping data for table farmworkphp.event_type_bak: ~12 rows (approximately)
DELETE FROM `event_type_bak`;
INSERT INTO `event_type_bak` (`ev_type_id`, `ev_type_name`, `ev_type_value`, `ev_type_desc`, `place`, `created_at`) VALUES
	('09ef9b47-6f9d-11e9-992e-d8cb8ac0caec', 'medicated', 'Medicated', 'Used to report medication use on a livestock', 2, '2019-05-05 21:19:43'),
	('37a81ef3-72d1-11e9-9f5d-d8cb8ac0caec', 'hoof_trim', 'Hoof Trimming', 'Used to report a hoof trimming performed on the animal', 10, '2019-05-09 23:10:51'),
	('5060a862-6f9a-11e9-992e-d8cb8ac0caec', 'birth_date', 'Birth Date', 'Used to associate an animal’s birth date with its unique approved tag number.', 11, '2019-05-05 21:00:17'),
	('5067e8aa-6f9a-11e9-992e-d8cb8ac0caec', 'cross_reference', 'Cross Reference', 'Used to associate a newly applied approved tag number on a previously tagged animal where the lost tag number is known.', 6, '2019-05-05 21:00:17'),
	('62349b96-2f35-11ea-ac21-d8cb8ac0caec', 'weight', 'Weight', 'Used to report the weight of livestock.', 1, '2020-01-04 16:01:31'),
	('869c59ed-6f9b-11e9-992e-d8cb8ac0caec', 'replaced', 'Replaced', 'Used to associate a newly applied approved tag number on a previously tagged animal where the lost tag number is not known.', 7, '2019-05-05 21:08:58'),
	('86a29041-6f9b-11e9-992e-d8cb8ac0caec', 'move_in', 'Move In', 'Report the identification of an approved tag applied to an individual animal, or report a group of animals based on species, that have been received at a defined location on a defined day.', 4, '2019-05-05 21:08:58'),
	('86aa2637-6f9b-11e9-992e-d8cb8ac0caec', 'move_out', 'Move Out', 'Report the identification of an approved tag applied to an individual animal, or report a group of animals based on species, that have departed from a defined location on a defined day.', 5, '2019-05-05 21:08:58'),
	('86b48a38-6f9b-11e9-992e-d8cb8ac0caec', 'sighted', 'Sighted', 'Used to report the identification of an approved tag applied to an animal that has been observed at a defined location on a defined day. (e.g., livestock operation, veterinary clinic, etc.)', 8, '2019-05-05 21:08:58'),
	('86db3a93-6f9b-11e9-992e-d8cb8ac0caec', 'retired', 'Retired', 'Used to report the identification of an approved tag applied to an animal that has died or was slaughtered.', 9, '2019-05-05 21:08:58'),
	('86e328da-6f9b-11e9-992e-d8cb8ac0caec', 'disposed', 'Disposed', 'Used to report the identification of an approved tag applied to an animal, or an animal based on carcass details, that has died and has been disposed of by a producer or dead stock operator.', 12, '2019-05-05 21:08:58'),
	('f26cb0aa-2f34-11ea-ac21-d8cb8ac0caec', 'castration', 'Castration/Banding', 'Used to report of castration or banding of livestock', 3, '2020-01-04 15:58:24');

-- Dumping structure for table farmworkphp.feed
CREATE TABLE IF NOT EXISTS `feed` (
  `id` int(11) NOT NULL AUTO_INCREMENT,
  `feed_name` varchar(150) NOT NULL,
  `feed_desc` varchar(250) DEFAULT NULL,
  `feed_cp` int(11) NOT NULL,
  `feed_tdn` int(11) NOT NULL,
  `feed_type` varchar(25) NOT NULL,
  `feed_price` decimal(19,2) NOT NULL DEFAULT 0.00,
  `feed_price_lb` int(11) DEFAULT NULL,
  `feed_usage` int(11) NOT NULL DEFAULT 100,
  `is_default` tinyint(4) NOT NULL DEFAULT 0,
  `feed_date` datetime NOT NULL DEFAULT current_timestamp() ON UPDATE current_timestamp(),
  PRIMARY KEY (`id`)
) ENGINE=InnoDB AUTO_INCREMENT=23 DEFAULT CHARSET=utf8mb4 COLLATE=utf8mb4_general_ci COMMENT='Contains feed information such as CP, TDN and prices';

-- Dumping data for table farmworkphp.feed: ~4 rows (approximately)
DELETE FROM `feed`;
INSERT INTO `feed` (`id`, `feed_name`, `feed_desc`, `feed_cp`, `feed_tdn`, `feed_type`, `feed_price`, `feed_price_lb`, `feed_usage`, `is_default`, `feed_date`) VALUES
	(1, 'Cracked Corn', NULL, 10, 90, 'Grain', 549.00, 2000, 100, 1, '2021-10-26 11:32:41'),
	(2, 'Hay', NULL, 7, 55, 'Hay', 5.00, 60, 100, 1, '2021-11-08 19:48:22'),
	(3, 'Soybean Meal', '', 47, 77, 'Protein', 29.50, 60, 100, 1, '2023-03-10 08:48:54'),
	(16, '40% Beef Supplement', '', 40, 0, 'Mineral', 23.00, 55, 18, 0, '2023-03-14 16:00:36');

-- Dumping structure for table farmworkphp.feed_requirement
CREATE TABLE IF NOT EXISTS `feed_requirement` (
  `id` int(11) NOT NULL AUTO_INCREMENT,
  `weight` int(11) NOT NULL DEFAULT 0,
  `animal_type` varchar(50) NOT NULL,
  `adg` decimal(19,1) NOT NULL,
  `dm_per_day` decimal(19,1) NOT NULL,
  `cp` decimal(19,1) NOT NULL DEFAULT 0.0,
  `tdn` int(11) NOT NULL,
  PRIMARY KEY (`id`)
) ENGINE=InnoDB AUTO_INCREMENT=39 DEFAULT CHARSET=utf8mb4 COLLATE=utf8mb4_general_ci COMMENT='Keeps information on feed requirements for animals in different stages';

-- Dumping data for table farmworkphp.feed_requirement: ~38 rows (approximately)
DELETE FROM `feed_requirement`;
INSERT INTO `feed_requirement` (`id`, `weight`, `animal_type`, `adg`, `dm_per_day`, `cp`, `tdn`) VALUES
	(1, 200, 'steer/heifer', 3.0, 5.4, 22.0, 80),
	(2, 300, 'steer/heifer', 1.0, 8.3, 11.5, 58),
	(3, 300, 'steer/heifer', 1.5, 8.6, 13.7, 63),
	(4, 300, 'steer/heifer', 2.0, 8.6, 16.2, 68),
	(5, 300, 'steer/heifer', 2.5, 8.6, 18.7, 73),
	(6, 300, 'steer/heifer', 3.0, 8.3, 22.0, 80),
	(7, 400, 'steer/heifer', 1.0, 10.3, 10.4, 58),
	(8, 400, 'steer/heifer', 1.5, 10.6, 13.3, 63),
	(9, 400, 'steer/heifer', 2.0, 10.7, 14.1, 68),
	(10, 400, 'steer/heifer', 2.5, 10.7, 16.1, 73),
	(11, 400, 'steer/heifer', 3.0, 10.4, 18.7, 80),
	(12, 500, 'steer/heifer', 1.0, 12.2, 9.8, 58),
	(13, 500, 'steer/heifer', 1.5, 12.6, 11.2, 63),
	(14, 500, 'steer/heifer', 2.0, 12.6, 12.9, 68),
	(15, 500, 'steer/heifer', 2.5, 12.6, 14.6, 73),
	(16, 500, 'steer/heifer', 3.0, 12.2, 16.8, 80),
	(17, 600, 'steer/heifer', 1.0, 14.0, 9.3, 58),
	(18, 600, 'steer/heifer', 1.5, 14.4, 10.6, 63),
	(19, 600, 'steer/heifer', 2.0, 14.4, 12.1, 68),
	(20, 600, 'steer/heifer', 2.5, 14.4, 13.5, 73),
	(21, 600, 'steer/heifer', 3.0, 14.0, 15.4, 80),
	(22, 700, 'steer/heifer', 1.0, 15.7, 9.0, 58),
	(23, 700, 'steer/heifer', 1.5, 16.2, 10.1, 63),
	(24, 700, 'steer/heifer', 2.0, 16.3, 11.3, 68),
	(25, 700, 'steer/heifer', 2.5, 16.2, 12.7, 73),
	(26, 700, 'steer/heifer', 3.0, 15.8, 14.4, 80),
	(27, 840, 'steer/heifer', 2.0, 22.1, 8.8, 60),
	(28, 840, 'steer/heifer', 3.0, 21.6, 10.8, 70),
	(29, 840, 'steer/heifer', 3.8, 20.4, 12.8, 80),
	(30, 840, 'steer/heifer', 4.3, 18.8, 14.7, 90),
	(31, 900, 'steer/heifer', 2.0, 23.3, 8.4, 60),
	(32, 900, 'steer/heifer', 3.0, 22.7, 10.2, 70),
	(33, 900, 'steer/heifer', 3.8, 21.5, 12.0, 80),
	(34, 900, 'steer/heifer', 4.3, 19.8, 13.8, 90),
	(35, 960, 'steer/heifer', 2.0, 24.4, 8.1, 60),
	(36, 960, 'steer/heifer', 3.0, 23.9, 9.7, 70),
	(37, 960, 'steer/heifer', 3.8, 22.5, 11.3, 80),
	(38, 960, 'steer/heifer', 4.3, 20.8, 13.0, 90);

-- Dumping structure for table farmworkphp.livestock
CREATE TABLE IF NOT EXISTS `livestock` (
  `id` char(36) NOT NULL DEFAULT uuid(),
  `tag` varchar(50) NOT NULL,
  `livestock_type` varchar(10) NOT NULL DEFAULT '',
  `livestock_subtype` varchar(10) NOT NULL DEFAULT '',
  `is_active` tinyint(4) NOT NULL DEFAULT 1,
  `purchase_date` datetime NOT NULL DEFAULT current_timestamp(),
  `created_at` datetime NOT NULL DEFAULT current_timestamp(),
  PRIMARY KEY (`id`)
) ENGINE=InnoDB DEFAULT CHARSET=utf8mb4 COLLATE=utf8mb4_general_ci COMMENT='flock details';

-- Dumping data for table farmworkphp.livestock: ~2 rows (approximately)
DELETE FROM `livestock`;
INSERT INTO `livestock` (`id`, `tag`, `livestock_type`, `livestock_subtype`, `is_active`, `purchase_date`, `created_at`) VALUES
	('3b8a3e14-acef-11eb-81f8-d8cb8ac0caec', '120473774', 'Cattle', 'steer', 1, '0000-00-00 00:00:00', '2021-04-12 11:41:25'),
	('ccc4a7d5-ad0d-11eb-a999-d8cb8ac0caec', '120333154', 'Cattle', 'steer', 1, '0000-00-00 00:00:00', '2021-04-09 11:41:25');

-- Dumping structure for table farmworkphp.livestock_category
CREATE TABLE IF NOT EXISTS `livestock_category` (
  `id` int(11) NOT NULL AUTO_INCREMENT,
  `parent_id` int(11) NOT NULL DEFAULT 0,
  `category_name` varchar(150) NOT NULL,
  `category_description` varchar(250) DEFAULT NULL,
  `created_at` datetime NOT NULL DEFAULT current_timestamp(),
  PRIMARY KEY (`id`) USING BTREE
) ENGINE=InnoDB AUTO_INCREMENT=40 DEFAULT CHARSET=utf8mb4 COLLATE=utf8mb4_general_ci COMMENT='contains animal types present on the farm';

-- Dumping data for table farmworkphp.livestock_category: ~21 rows (approximately)
DELETE FROM `livestock_category`;
INSERT INTO `livestock_category` (`id`, `parent_id`, `category_name`, `category_description`, `created_at`) VALUES
	(7, 0, 'Cattle', NULL, '2021-11-30 14:34:43'),
	(8, 7, 'steer', '', '2021-11-30 14:35:10'),
	(9, 7, 'heifer', NULL, '2021-11-30 14:35:10'),
	(10, 7, 'bull', NULL, '2021-11-30 14:35:53'),
	(11, 7, 'cow', NULL, '2021-11-30 14:36:35'),
	(12, 0, 'Chicken', NULL, '2021-11-30 14:37:42'),
	(13, 12, 'rooster', NULL, '2021-11-30 14:38:00'),
	(14, 12, 'chick', NULL, '2021-11-30 14:38:10'),
	(15, 0, 'Sheep', '', '2021-11-30 14:38:36'),
	(16, 15, 'ram', NULL, '2021-11-30 14:38:49'),
	(17, 15, 'ewe', NULL, '2021-11-30 14:38:59'),
	(18, 15, 'lamb', NULL, '2021-11-30 14:39:09'),
	(19, 0, 'Goat', NULL, '2021-11-30 14:39:28'),
	(20, 19, 'buck', NULL, '2021-11-30 14:39:38'),
	(21, 19, 'doe', NULL, '2021-11-30 14:39:52'),
	(22, 19, 'buckling', NULL, '2021-11-30 14:40:03'),
	(23, 0, 'Dog', NULL, '2021-11-30 14:40:09'),
	(24, 23, 'male', NULL, '2021-11-30 14:40:30'),
	(25, 23, 'female', NULL, '2021-11-30 14:40:39'),
	(26, 23, 'male puppy', NULL, '2021-11-30 14:40:54'),
	(27, 23, 'female puppy', NULL, '2021-11-30 14:41:04');

-- Dumping structure for table farmworkphp.livestock_group
CREATE TABLE IF NOT EXISTS `livestock_group` (
  `id` int(11) NOT NULL AUTO_INCREMENT,
  `group_name` varchar(150) NOT NULL,
  `group_desc` varchar(250) DEFAULT NULL,
  `created_at` datetime NOT NULL DEFAULT current_timestamp(),
  PRIMARY KEY (`id`)
) ENGINE=InnoDB AUTO_INCREMENT=4 DEFAULT CHARSET=utf8mb4 COLLATE=utf8mb4_general_ci COMMENT='contains groups of animals grouped together for the purpose of feeding or breading';

-- Dumping data for table farmworkphp.livestock_group: ~3 rows (approximately)
DELETE FROM `livestock_group`;
INSERT INTO `livestock_group` (`id`, `group_name`, `group_desc`, `created_at`) VALUES
	(1, 'July Group First', NULL, '2021-12-14 00:13:33'),
	(2, 'July Group Second', NULL, '2021-12-14 00:14:10'),
	(3, 'August Group', NULL, '2021-12-14 00:14:19');

-- Dumping structure for table farmworkphp.livestock_to_group
CREATE TABLE IF NOT EXISTS `livestock_to_group` (
  `id` int(11) NOT NULL AUTO_INCREMENT,
  `livestock_id` char(36) NOT NULL,
  `group_id` int(11) NOT NULL DEFAULT 0,
  `created_at` datetime NOT NULL DEFAULT current_timestamp(),
  PRIMARY KEY (`id`),
  KEY `FK_livestock_to_group_livestock` (`livestock_id`),
  KEY `FK_livestock_to_group_livestock_group` (`group_id`),
  CONSTRAINT `FK_livestock_to_group_livestock` FOREIGN KEY (`livestock_id`) REFERENCES `livestock` (`id`) ON DELETE CASCADE ON UPDATE CASCADE,
  CONSTRAINT `FK_livestock_to_group_livestock_group` FOREIGN KEY (`group_id`) REFERENCES `livestock_group` (`id`) ON DELETE CASCADE ON UPDATE CASCADE
) ENGINE=InnoDB DEFAULT CHARSET=utf8mb4 COLLATE=utf8mb4_general_ci COMMENT='reference table that connects created groups to existing livestock';

-- Dumping data for table farmworkphp.livestock_to_group: ~0 rows (approximately)
DELETE FROM `livestock_to_group`;

-- Dumping structure for table farmworkphp.medication
CREATE TABLE IF NOT EXISTS `medication` (
  `id` int(11) NOT NULL AUTO_INCREMENT,
  `name` varchar(50) NOT NULL,
  `desc` varchar(550) DEFAULT NULL,
  `instruction` varchar(2000) DEFAULT NULL,
  `img` varchar(150) DEFAULT NULL,
  `price` decimal(19,2) DEFAULT 0.00,
  `on_hand_doses` int(11) NOT NULL DEFAULT 0,
  `created_at` datetime NOT NULL DEFAULT current_timestamp(),
  PRIMARY KEY (`id`)
) ENGINE=InnoDB AUTO_INCREMENT=69 DEFAULT CHARSET=utf8mb4 COLLATE=utf8mb4_general_ci COMMENT='list of medication';

-- Dumping data for table farmworkphp.medication: ~5 rows (approximately)
DELETE FROM `medication`;
INSERT INTO `medication` (`id`, `name`, `desc`, `instruction`, `img`, `price`, `on_hand_doses`, `created_at`) VALUES
	(1, 'Tasvax 8', '<p>For the vaccination of cattle and sheep against diseases caused by Cl. chauvoei (black leg), Cl. haemolyticum (bacillary hemoglobinuria), Cl. novyi Type B (black disease or infectious necrotic hepatitis), Cl. perfringens Type B (lamb dysentery), Type C (hemorrhagic enterotoxemia), type D (pulpy kidney), Cl. septicum (malignant edema) and Cl. tetani (tetanus).</p>', '<p>Cattle: In order that a balanced response to vaccination is obtained, a primary course of two injections of 4 mL each should be given with an interval of 6 weeks between injections. To maintain a constant high level of immunity, booster injections should be administered at intervals of 6 months, or when outbreaks are seasonal, at least 2 weeks before the anticipated outbreak. Calves vaccinated under 3 months of age should be revaccinated at 4-6 months of age. Calves vaccinated at 3 months of age or older should be revaccinated 6 weeks later. Inject subcutaneously with strict aseptic precautions.</p>', '/uploads/medication/tasvax-8.jpg', 0.00, 0, '2019-05-09 23:02:13'),
	(2, 'Noromectin', '<p>Each mL contains 0.8 mg of ivermectin. Treated animals must not be slaughtered for use in food for at least 14 days after the latest treatment with this drug.</p>', '<p>Dosage and Administration Noromectin should be given as a single dose treatment. Administer orally at a dose of 2.5 mL of Noromectin per 10 kg of bodyweight, with any standard drenching equipment which provides a consistent dose volume. Repeat treatment may be necessary when re-exposure to parasite infection occurs. Noromectin Drench for Sheep Caution Coughing, which usually lasts for only a few minutes, may occur in a small percentage of sheep immediately after treatment; this passing response is of no consequence.</p>', 'https://images-na.ssl-images-amazon.com/images/I/81cX3tCC0tL._AC_SY879_.jpg', 0.00, 0, '2019-05-09 23:04:31'),
	(4, 'Tetanus Toxoid', 'Anti-toxing vaccination. Takes 2-3 weeks to take effect.', 'Inject intromascularly 1cc/ml. Repeat vaccination in 3-4 weeks again', 'https://www.valleyvet.com/swatches/40277_L_vvs_000.jpg', 0.00, 0, '2020-01-04 22:52:43'),
	(5, 'Ivomec', '<p>IVOMEC Pour-On for Cattle is a clear, blue colored liquid containing 5 mg of ivermectin per mL (0.5% w/v). IVOMEC Pour-On for Cattle is formulated to deliver the recommended dose level of 500 &micro;g of ivermectin per kg of body weight in cattle when applied along the top line from the withers to the tail head at the rate of 1 mL per 10 kg.</p>', '<p>Apply along the top line from the withers to the tail head at the rate of 1 mL per 10 kg (or per 22 lb).</p>', '/uploads/medication/ivomec.jpg', 0.00, 0, '2020-02-27 10:11:31'),
	(6, 'Bovi-Shield Gold 5', 'Bovi-Shield GOLD 5 is for vaccination of healthy cattle as an aid in preventing infectious bovine rhinotracheitis caused by infectious bovine rhinotracheitis (IBR) virus, bovine viral diarrhea caused by bovine virus diarrhea (BVD) virus Types 1 and 2, and disease caused by parainfluenza-3 (PI-3) virus and bovine respiratory syncytial (BRS) virus.', 'In accordance with Beef Quality Assurance guidelines, this product should be adminsitered 2 mL subcutaneously in the neck region.', '/uploads/medication/Bovi_Shield_Gold_5.jpg', 0.00, 0, '2020-03-08 21:44:04');

-- Dumping structure for table farmworkphp.page_settings
CREATE TABLE IF NOT EXISTS `page_settings` (
  `id` int(11) NOT NULL AUTO_INCREMENT,
  `page_name` varchar(50) NOT NULL,
  `setting_name` varchar(50) NOT NULL,
  `setting_value` varchar(50) NOT NULL,
  PRIMARY KEY (`id`)
) ENGINE=InnoDB AUTO_INCREMENT=4 DEFAULT CHARSET=utf8mb4 COLLATE=utf8mb4_general_ci COMMENT='Table contains default page settings thats are being pulled during page load';

-- Dumping data for table farmworkphp.page_settings: ~3 rows (approximately)
DELETE FROM `page_settings`;
INSERT INTO `page_settings` (`id`, `page_name`, `setting_name`, `setting_value`) VALUES
	(1, 'Accounting Records', 'start_date', '2021-01-01'),
	(2, 'Accounting Records', 'end_date', '2021-12-31'),
	(3, 'Vehicle Log Book', 'booklog_date', '2021-01-01');

-- Dumping structure for table farmworkphp.transaction
CREATE TABLE IF NOT EXISTS `transaction` (
  `id` char(36) NOT NULL DEFAULT uuid(),
  `trans_desc` varchar(250) DEFAULT NULL,
  `vendor_name` varchar(50) DEFAULT NULL,
  `vendor_address` varchar(250) DEFAULT NULL,
  `trans_currency` varchar(10) NOT NULL DEFAULT 'C$',
  `trans_image` varchar(250) DEFAULT NULL,
  `trans_date` datetime NOT NULL DEFAULT current_timestamp(),
  `created_at` datetime NOT NULL DEFAULT current_timestamp(),
  `updated_at` datetime NOT NULL DEFAULT current_timestamp() ON UPDATE current_timestamp(),
  PRIMARY KEY (`id`)
) ENGINE=InnoDB DEFAULT CHARSET=utf8mb4 COLLATE=utf8mb4_general_ci COMMENT='record of all transactions';

-- Dumping data for table farmworkphp.transaction: ~141 rows (approximately)
DELETE FROM `transaction`;
INSERT INTO `transaction` (`id`, `trans_desc`, `vendor_name`, `vendor_address`, `trans_currency`, `trans_image`, `trans_date`, `created_at`, `updated_at`) VALUES
	('0058697e-be24-11ed-a0e4-d8cb8ac0caec', '', 'Circle K (Shell)', '565 Algonquin Blvd E, Timmins, ON P4N 7N5', 'C$', NULL, '2022-04-24 00:00:00', '2023-03-08 21:42:09', '2023-03-08 21:42:09'),
	('01512e6a-bb63-11ed-a725-d8cb8ac0caec', '', 'Little Bit Western', '372 Algonquin Boulevard W, Timmins, On, P4N 2S2, Canada', 'C$', NULL, '2022-05-14 00:00:00', '2023-03-05 09:35:41', '2023-03-05 09:35:41'),
	('034c5a18-a7ee-11ec-ac57-d8cb8ac0caec', '', 'Northern Feed & Supplies', '964027 Development Rd, Thornloe, ON P0J 1S0', 'C$', 'uploads/transactions/2021/05/31/northern_feed_&_supplies-034c5a18-a7ee-11ec-ac57-d8cb8ac0caec.jpeg', '2021-05-31 00:00:00', '2022-03-19 21:35:18', '2022-03-19 21:38:41'),
	('04846a8d-be13-11ed-a0e4-d8cb8ac0caec', '', 'Car Quest', '413 Highway 11, Matheson, On , P0K 1N0', 'C$', NULL, '2022-10-17 00:00:00', '2023-03-08 19:40:35', '2023-03-08 19:40:35'),
	('04e29493-c087-11ed-a0c9-d8cb8ac0caec', '', 'Circle K (Shell)', '565 Algonquin Blvd E, Timmins, ON P4N 7N5', 'C$', NULL, '2022-05-19 00:00:00', '2023-03-11 22:35:53', '2023-03-11 22:35:53'),
	('06aa21ab-c210-11ed-8038-d8cb8ac0caec', '', 'Esso', '430 ON-11, Matheson, ON P0K 1N0', 'C$', NULL, '2022-12-06 00:00:00', '2023-03-13 22:29:20', '2023-03-13 22:29:20'),
	('08c81251-a8ce-11ec-ac57-d8cb8ac0caec', '', 'Temiskaming Livestock Exchange Ltd 1992', '883006 ON-65 RR 3, New Liskeard, ON P0J 1P0', 'C$', 'uploads/transactions/2021/11/15/temiskaming_livestock_exchange_ltd_1992-08c81251-a8ce-11ec-ac57-d8cb8ac0caec.jpeg', '2021-11-15 00:00:00', '2022-03-21 00:18:45', '2022-03-21 00:19:49'),
	('08d4753b-be23-11ed-a0e4-d8cb8ac0caec', '', 'Circle K (Shell)', '565 Algonquin Blvd E, Timmins, ON P4N 7N5', 'C$', NULL, '2022-02-20 00:00:00', '2023-03-08 21:35:14', '2023-03-08 21:35:14'),
	('0bb3712f-a8cd-11ec-ac57-d8cb8ac0caec', '', 'Temiskaming Livestock Exchange Ltd 1992', '883006 ON-65 RR 3, New Liskeard, ON P0J 1P0', 'C$', 'uploads/transactions/2021/05/10/temiskaming_livestock_exchange_ltd_1992-0bb3712f-a8cd-11ec-ac57-d8cb8ac0caec.jpeg', '2021-05-10 00:00:00', '2022-03-21 00:11:40', '2022-03-21 00:13:17'),
	('0e09f154-a8c6-11ec-ac57-d8cb8ac0caec', '', 'Northern Feed & Supplies', '964027 Development Rd, Thornloe, ON P0J 1S0', 'C$', 'uploads/transactions/2021/04/19/northern_feed_&_supplies-0e09f154-a8c6-11ec-ac57-d8cb8ac0caec.jpeg', '2021-04-19 00:00:00', '2022-03-20 23:21:38', '2022-03-20 23:21:43'),
	('0e2b8a98-bb65-11ed-a725-d8cb8ac0caec', '', 'Thornloe Farm Supply Inc', '31 Main St, Thornloe, ON, P0J 1S0', 'C$', NULL, '2022-05-02 00:00:00', '2023-03-05 09:50:22', '2023-03-05 09:50:22'),
	('0e9d5187-a7f1-11ec-ac57-d8cb8ac0caec', '', 'Northern Feed & Supplies', '964027 Development Rd, Thornloe, ON P0J 1S0', 'C$', 'uploads/transactions/2021/07/12/northern_feed_&_supplies-0e9d5187-a7f1-11ec-ac57-d8cb8ac0caec.jpeg', '2021-07-12 00:00:00', '2022-03-19 21:57:05', '2022-03-19 21:57:52'),
	('103c8236-c213-11ed-8038-d8cb8ac0caec', '', 'Circle K (Shell)', '565 Algonquin Blvd E, Timmins, ON P4N 7N5', 'C$', NULL, '2022-12-14 00:00:00', '2023-03-13 22:51:05', '2023-03-13 22:51:05'),
	('1080d417-b7d4-11ed-a20d-d8cb8ac0caec', '', 'Thornloe Farm Supply Inc', '31 Main St, Thornloe, ON, P0J 1S0', 'C$', NULL, '2022-07-04 00:00:00', '2023-02-28 20:54:49', '2023-02-28 20:54:49'),
	('1134c581-a8cb-11ec-ac57-d8cb8ac0caec', '', 'Railside General Supplies', '3272 Monahan Rd, Val Gagne, On, P0K 1W0, Canada', 'C$', 'uploads/transactions/2021/06/21/railside_general_supplies-1134c581-a8cb-11ec-ac57-d8cb8ac0caec.jpeg', '2021-06-21 00:00:00', '2022-03-20 23:57:31', '2022-03-20 23:59:27'),
	('125de6c5-be25-11ed-a0e4-d8cb8ac0caec', '', 'Esso', '430 ON-11, Matheson, ON P0K 1N0', 'C$', NULL, '2022-09-13 00:00:00', '2023-03-08 21:49:49', '2023-03-08 21:49:49'),
	('12d10909-c085-11ed-a0c9-d8cb8ac0caec', '', 'Petro-Canada', '4310 Harold Ave, South Porcupine, ON P0N 1H0', 'C$', NULL, '2022-02-24 00:00:00', '2023-03-11 22:21:57', '2023-03-11 22:21:57'),
	('13504875-c082-11ed-a0c9-d8cb8ac0caec', '', 'Petro-Canada', '4310 Harold Ave, South Porcupine, ON P0N 1H0', 'C$', NULL, '2022-09-18 00:00:00', '2023-03-11 22:00:30', '2023-03-11 22:00:30'),
	('1385a577-a8c5-11ec-ac57-d8cb8ac0caec', '', 'Thornloe Farm Supply Inc', '31 Main St, Thornloe, ON, P0J 1S0', 'C$', 'uploads/transactions/2021/03/08/thornloe_farm_supply_inc-1385a577-a8c5-11ec-ac57-d8cb8ac0caec.jpeg', '2021-03-08 00:00:00', '2022-03-20 23:14:38', '2022-03-20 23:14:43'),
	('13866f6e-1a11-11ec-9d60-d8cb8ac0caec', 'livestock feed', 'Railside General Supplies', '3272 Monahan Rd, Val Gagne, On, P0K 1W0, Canada', 'C$', 'uploads/transactions/2021/01/02/railside_general_supplies-13866f6e-1a11-11ec-9d60-d8cb8ac0caec.jpg', '2021-01-02 00:00:00', '2021-09-20 08:48:36', '2021-09-20 08:55:27'),
	('144486ff-b7ce-11ed-a20d-d8cb8ac0caec', '', 'Railside General Supplies', '3272 Monahan Rd, Val Gagne, On, P0K 1W0, Canada', 'C$', NULL, '2022-11-08 00:00:00', '2023-02-28 20:11:59', '2023-02-28 20:11:59'),
	('1478faf9-be1f-11ed-a0e4-d8cb8ac0caec', '', 'Circle K (Shell)', '565 Algonquin Blvd E, Timmins, ON P4N 7N5', 'C$', NULL, '2022-10-30 00:00:00', '2023-03-08 21:06:55', '2023-03-08 21:06:55'),
	('15ed7026-a95e-11ec-ac57-d8cb8ac0caec', '', 'Thornloe Farm Supply Inc', '31 Main St, Thornloe, ON, P0J 1S0', 'C$', 'uploads/transactions/2021/04/12/thornloe_farm_supply_inc-15ed7026-a95e-11ec-ac57-d8cb8ac0caec.jpeg', '2021-04-12 00:00:00', '2022-03-21 17:29:49', '2022-03-21 17:31:08'),
	('1663eef1-b7d3-11ed-a20d-d8cb8ac0caec', '', 'Railside General Supplies', '3272 Monahan Rd, Val Gagne, On, P0K 1W0, Canada', 'C$', NULL, '2022-07-25 00:00:00', '2023-02-28 20:47:50', '2023-02-28 20:47:50'),
	('17be25fa-a958-11ec-ac57-d8cb8ac0caec', '', 'Temiskaming Livestock Exchange Ltd 1992', '883006 ON-65 RR 3, New Liskeard, ON P0J 1P0', 'C$', 'uploads/transactions/2021/06/28/temiskaming_livestock_exchange_ltd_1992-17be25fa-a958-11ec-ac57-d8cb8ac0caec.jpeg', '2021-06-28 00:00:00', '2022-03-21 16:46:55', '2022-03-21 16:47:46'),
	('183e7498-c28f-11ed-8038-d8cb8ac0caec', '', 'Esso', '2154 Riverside Dr, Timmins, ON P4N 7C3', 'C$', NULL, '2022-01-26 00:00:00', '2023-03-14 13:38:49', '2023-03-14 13:38:49'),
	('197bc29b-c217-11ed-8038-d8cb8ac0caec', '', 'Circle K (Shell)', '565 Algonquin Blvd E, Timmins, ON P4N 7N5', 'C$', NULL, '2022-11-23 00:00:00', '2023-03-13 23:19:58', '2023-03-13 23:19:58'),
	('1a5a0d49-c28c-11ed-8038-d8cb8ac0caec', '', 'Circle K (Shell)', '565 Algonquin Blvd E, Timmins, ON P4N 7N5', 'C$', NULL, '2022-05-01 00:00:00', '2023-03-14 13:17:24', '2023-03-14 13:17:24'),
	('1ae7160d-b7d0-11ed-a20d-d8cb8ac0caec', '', 'Railside General Supplies', '3272 Monahan Rd, Val Gagne, On, P0K 1W0, Canada', 'C$', NULL, '2022-09-27 00:00:00', '2023-02-28 20:26:29', '2023-02-28 20:26:29'),
	('1d75e85d-c211-11ed-8038-d8cb8ac0caec', '', 'Circle K (Shell)', '565 Algonquin Blvd E, Timmins, ON P4N 7N5', 'C$', NULL, '2022-10-15 00:00:00', '2023-03-13 22:37:08', '2023-03-13 22:37:08'),
	('1d980097-b7cd-11ed-a20d-d8cb8ac0caec', '', 'Railside General Supplies', '3272 Monahan Rd, Val Gagne, On, P0K 1W0, Canada', 'C$', NULL, '2022-11-14 00:00:00', '2023-02-28 20:05:05', '2023-02-28 20:05:05'),
	('1f30779f-a957-11ec-ac57-d8cb8ac0caec', '', 'Railside General Supplies', '3272 Monahan Rd, Val Gagne, On, P0K 1W0, Canada', 'C$', 'uploads/transactions/2021/10/26/railside_general_supplies-1f30779f-a957-11ec-ac57-d8cb8ac0caec.jpeg', '2021-10-26 00:00:00', '2022-03-21 16:39:58', '2022-03-21 16:41:14'),
	('2035871a-c084-11ed-a0c9-d8cb8ac0caec', '', 'Petro-Canada', '4310 Harold Ave, South Porcupine, ON P0N 1H0', 'C$', NULL, '2022-08-06 00:00:00', '2023-03-11 22:15:10', '2023-03-11 22:15:10'),
	('2205bd56-c28e-11ed-8038-d8cb8ac0caec', '', 'Petro-Canada', '4310 Harold Ave, South Porcupine, ON P0N 1H0', 'C$', NULL, '2022-01-05 00:00:00', '2023-03-14 13:31:56', '2023-03-14 13:31:56'),
	('235039ea-bb64-11ed-a725-d8cb8ac0caec', '', 'Little Bit Western', '372 Algonquin Boulevard W, Timmins, On, P4N 2S2, Canada', 'C$', NULL, '2022-06-08 00:00:00', '2023-03-05 09:43:48', '2023-03-11 22:05:33'),
	('2612822c-be24-11ed-a0e4-d8cb8ac0caec', '', 'Petro-Canada', '4310 Harold Ave, South Porcupine, ON P0N 1H0', 'C$', NULL, '2022-09-04 00:00:00', '2023-03-08 21:43:13', '2023-03-08 21:43:13'),
	('26737010-c28d-11ed-8038-d8cb8ac0caec', '', 'Esso', '2154 Riverside Dr, Timmins, ON P4N 7C3', 'C$', NULL, '2022-03-16 00:00:00', '2023-03-14 13:24:54', '2023-03-14 13:24:54'),
	('26a25923-be23-11ed-a0e4-d8cb8ac0caec', '', 'Circle K (Shell)', '565 Algonquin Blvd E, Timmins, ON P4N 7N5', 'C$', NULL, '2022-10-19 00:00:00', '2023-03-08 21:36:04', '2023-03-08 21:36:04'),
	('278a3c3b-be27-11ed-a0e4-d8cb8ac0caec', '', 'englehart esso', '141 4th Ave, Englehart, ON P0J 1H0', 'C$', NULL, '2022-01-03 00:00:00', '2023-03-08 22:04:43', '2023-03-08 22:04:43'),
	('2af1ceb6-a7ed-11ec-ac57-d8cb8ac0caec', '', 'Railside General Supplies', '3272 Monahan Rd, Val Gagne, On, P0K 1W0, Canada', 'C$', 'uploads/transactions/2021/12/21/railside_general_supplies-2af1ceb6-a7ed-11ec-ac57-d8cb8ac0caec.jpeg', '2021-12-23 00:00:00', '2022-03-19 21:29:15', '2022-03-19 21:33:41'),
	('2c363709-c213-11ed-8038-d8cb8ac0caec', '', 'Circle K (Shell)', '565 Algonquin Blvd E, Timmins, ON P4N 7N5', 'C$', NULL, '2022-12-18 00:00:00', '2023-03-13 22:51:52', '2023-03-13 22:51:52'),
	('2c4b4e48-c087-11ed-a0c9-d8cb8ac0caec', '', 'Circle K (Shell)', '565 Algonquin Blvd E, Timmins, ON P4N 7N5', 'C$', NULL, '2022-06-05 00:00:00', '2023-03-11 22:36:59', '2023-03-11 22:36:59'),
	('2d6a855a-a95f-11ec-ac57-d8cb8ac0caec', '', 'Railside General Supplies', '3272 Monahan Rd, Val Gagne, On, P0K 1W0, Canada', 'C$', 'uploads/transactions/2021/05/10/railside_general_supplies-2d6a855a-a95f-11ec-ac57-d8cb8ac0caec.jpeg', '2021-05-10 00:00:00', '2022-03-21 17:37:38', '2022-03-21 17:39:40'),
	('2e21d9c1-be25-11ed-a0e4-d8cb8ac0caec', '', 'Petro-Canada', '4310 Harold Ave, South Porcupine, ON P0N 1H0', 'C$', NULL, '2022-08-17 00:00:00', '2023-03-08 21:50:36', '2023-03-08 21:50:36'),
	('3146a7e4-c086-11ed-a0c9-d8cb8ac0caec', '', 'Circle K (Shell)', '565 Algonquin Blvd E, Timmins, ON P4N 7N5', 'C$', NULL, '2022-07-17 00:00:00', '2023-03-11 22:29:58', '2023-03-11 22:29:58'),
	('316a1d4a-a8c7-11ec-ac57-d8cb8ac0caec', '', 'Northern Feed & Supplies', '964027 Development Rd, Thornloe, ON P0J 1S0', 'C$', 'uploads/transactions/2021/04/05/northern_feed_&_supplies-316a1d4a-a8c7-11ec-ac57-d8cb8ac0caec.jpeg', '2021-04-05 00:00:00', '2022-03-20 23:29:47', '2022-03-20 23:29:54'),
	('333c1975-c085-11ed-a0c9-d8cb8ac0caec', '', 'Esso', '430 ON-11, Matheson, ON P0K 1N0', 'C$', NULL, '2022-06-14 00:00:00', '2023-03-11 22:22:52', '2023-03-11 22:22:52'),
	('334786bf-c28f-11ed-8038-d8cb8ac0caec', '', 'Esso', '430 ON-11, Matheson, ON P0K 1N0', 'C$', NULL, '2022-01-24 00:00:00', '2023-03-14 13:39:34', '2023-03-14 13:39:34'),
	('3399c3cd-a7f0-11ec-ac57-d8cb8ac0caec', '', 'Railside General Supplies', '3272 Monahan Rd, Val Gagne, On, P0K 1W0, Canada', 'C$', 'uploads/transactions/2021/07/21/railside_general_supplies-3399c3cd-a7f0-11ec-ac57-d8cb8ac0caec.jpeg', '2021-07-21 00:00:00', '2022-03-19 21:50:58', '2022-03-19 21:51:51'),
	('34a0b84c-c28c-11ed-8038-d8cb8ac0caec', '', 'Circle K (Shell)', '565 Algonquin Blvd E, Timmins, ON P4N 7N5', 'C$', NULL, '2022-05-08 00:00:00', '2023-03-14 13:18:08', '2023-03-14 13:18:08'),
	('370e9875-c082-11ed-a0c9-d8cb8ac0caec', '', 'Petro-Canada', '4310 Harold Ave, South Porcupine, ON P0N 1H0', 'C$', NULL, '2022-09-21 00:00:00', '2023-03-11 22:01:30', '2023-03-11 22:01:30'),
	('39c2492c-c216-11ed-8038-d8cb8ac0caec', '', 'Esso', '430 ON-11, Matheson, ON P0K 1N0', 'C$', NULL, '2022-11-14 00:00:00', '2023-03-13 23:13:43', '2023-03-13 23:13:43'),
	('3a3a2934-b7cf-11ed-a20d-d8cb8ac0caec', '', 'Railside General Supplies', '3272 Monahan Rd, Val Gagne, On, P0K 1W0, Canada', 'C$', NULL, '2022-10-24 00:00:00', '2023-02-28 20:20:12', '2023-02-28 20:20:12'),
	('3a7386b0-b7d1-11ed-a20d-d8cb8ac0caec', '', 'Railside General Supplies', '3272 Monahan Rd, Val Gagne, On, P0K 1W0, Canada', 'C$', NULL, '2022-09-20 00:00:00', '2023-02-28 20:34:31', '2023-02-28 20:34:31'),
	('3bee6669-a7e4-11ec-ac57-d8cb8ac0caec', '', 'Little Bit Western', '372 Algonquin Boulevard W, Timmins, On, P4N 2S2, Canada', 'C$', 'uploads/transactions/2021/03/30/little_bit_western-3bee6669-a7e4-11ec-ac57-d8cb8ac0caec.jpeg', '2021-03-30 00:00:00', '2022-03-19 20:25:18', '2022-03-19 20:26:03'),
	('3d0563cf-a8c8-11ec-ac57-d8cb8ac0caec', '', 'Temiskaming Livestock Exchange Ltd 1992', '883006 ON-65 RR 3, New Liskeard, ON P0J 1P0', 'C$', 'uploads/transactions/2021/12/21/temiskaming_livestock_exchange_ltd_1992-3d0563cf-a8c8-11ec-ac57-d8cb8ac0caec.jpeg', '2021-12-13 00:00:00', '2022-03-20 23:37:16', '2022-03-20 23:54:36'),
	('3ec7e3cf-c217-11ed-8038-d8cb8ac0caec', '', 'Circle K (Shell)', '565 Algonquin Blvd E, Timmins, ON P4N 7N5', 'C$', NULL, '2022-12-29 00:00:00', '2023-03-13 23:21:01', '2023-03-13 23:21:01'),
	('4216e532-a95a-11ec-ac57-d8cb8ac0caec', '', 'Railside General Supplies', '3272 Monahan Rd, Val Gagne, On, P0K 1W0, Canada', 'C$', 'uploads/transactions/2021/05/04/railside_general_supplies-4216e532-a95a-11ec-ac57-d8cb8ac0caec.jpeg', '2021-05-04 00:00:00', '2022-03-21 17:02:25', '2022-03-21 17:04:30'),
	('42283fe8-c28d-11ed-8038-d8cb8ac0caec', '', 'Petro-Canada', '4310 Harold Ave, South Porcupine, ON P0N 1H0', 'C$', NULL, '2022-03-03 00:00:00', '2023-03-14 13:25:40', '2023-03-14 13:25:40'),
	('44db2247-c211-11ed-8038-d8cb8ac0caec', '', 'Circle K (Shell)', '565 Algonquin Blvd E, Timmins, ON P4N 7N5', 'C$', NULL, '2022-10-12 00:00:00', '2023-03-13 22:38:14', '2023-03-13 22:38:14'),
	('44f1a5fe-be23-11ed-a0e4-d8cb8ac0caec', '', 'Circle K (Shell)', '565 Algonquin Blvd E, Timmins, ON P4N 7N5', 'C$', NULL, '2022-11-30 00:00:00', '2023-03-08 21:36:55', '2023-03-08 21:36:55'),
	('460819ac-b7ca-11ed-a20d-d8cb8ac0caec', 'livestock sell', 'Temiskaming Livestock Exchange Ltd 1992', '883006 ON-65 RR 3, New Liskeard, ON P0J 1P0', 'C$', NULL, '2022-01-03 00:00:00', '2023-02-28 19:44:44', '2023-02-28 19:44:44'),
	('467e34dd-c210-11ed-8038-d8cb8ac0caec', '', 'Circle K (Shell)', '565 Algonquin Blvd E, Timmins, ON P4N 7N5', 'C$', NULL, '2022-12-07 00:00:00', '2023-03-13 22:31:07', '2023-03-13 22:31:07'),
	('47a7746b-c28e-11ed-8038-d8cb8ac0caec', '', 'Circle K (Shell)', '565 Algonquin Blvd E, Timmins, ON P4N 7N5', 'C$', NULL, '2022-02-06 00:00:00', '2023-03-14 13:32:59', '2023-03-14 13:32:59'),
	('491c2740-a8c2-11ec-ac57-d8cb8ac0caec', '', 'Northern Feed & Supplies', '964027 Development Rd, Thornloe, ON P0J 1S0', 'C$', 'uploads/transactions/2021/06/22/northern_feed_&_supplies-491c2740-a8c2-11ec-ac57-d8cb8ac0caec.jpeg', '2021-06-22 00:00:00', '2022-03-20 22:54:39', '2022-03-20 22:56:42'),
	('4a4b1f54-a8ce-11ec-ac57-d8cb8ac0caec', '', 'Railside General Supplies', '3272 Monahan Rd, Val Gagne, On, P0K 1W0, Canada', 'C$', 'uploads/transactions/2021/11/09/railside_general_supplies-4a4b1f54-a8ce-11ec-ac57-d8cb8ac0caec.jpeg', '2021-11-09 00:00:00', '2022-03-21 00:20:35', '2022-03-21 00:22:27'),
	('4abb29fe-c084-11ed-a0c9-d8cb8ac0caec', '', 'Englehart ESSO', '141 4th Ave, Englehart, ON P0J 1H0', 'C$', NULL, '2022-06-06 00:00:00', '2023-03-11 22:16:22', '2023-03-11 22:16:22'),
	('4b5d8657-a8ca-11ec-ac57-d8cb8ac0caec', '', 'Temiskaming Livestock Exchange Ltd 1992', '883006 ON-65 RR 3, New Liskeard, ON P0J 1P0', 'C$', 'uploads/transactions/2021/05/17/temiskaming_livestock_exchange_ltd_1992-4b5d8657-a8ca-11ec-ac57-d8cb8ac0caec.jpeg', '2021-05-17 00:00:00', '2022-03-20 23:51:59', '2022-03-20 23:53:34'),
	('4bb41918-bb65-11ed-a725-d8cb8ac0caec', '', 'Temiskaming Livestock Exchange Ltd 1992', '883006 ON-65 RR 3, New Liskeard, ON P0J 1P0', 'C$', NULL, '2022-05-02 00:00:00', '2023-03-05 09:52:05', '2023-03-05 09:52:05'),
	('4bea62a2-a959-11ec-ac57-d8cb8ac0caec', '', 'Northern Feed & Supplies', '964027 Development Rd, Thornloe, ON P0J 1S0', 'C$', 'uploads/transactions/2021/09/13/northern_feed_&_supplies-4bea62a2-a959-11ec-ac57-d8cb8ac0caec.jpeg', '2021-09-13 00:00:00', '2022-03-21 16:55:32', '2022-03-21 16:56:06'),
	('4c6f51b0-c086-11ed-a0c9-d8cb8ac0caec', '', 'Englehart ESSO', '141 4th Ave, Englehart, ON P0J 1H0', 'C$', NULL, '2022-07-04 00:00:00', '2023-03-11 22:30:43', '2023-03-11 22:30:43'),
	('4cd6d1c5-be1f-11ed-a0e4-d8cb8ac0caec', '', 'Circle K (Shell)', '565 Algonquin Blvd E, Timmins, ON P4N 7N5', 'C$', NULL, '2022-12-03 00:00:00', '2023-03-08 21:08:30', '2023-03-08 21:08:30'),
	('4f206793-be22-11ed-a0e4-d8cb8ac0caec', '', 'Circle K (Shell)', '565 Algonquin Blvd E, Timmins, ON P4N 7N5', 'C$', NULL, '2022-11-02 00:00:00', '2023-03-08 21:30:02', '2023-03-08 21:30:02'),
	('4f66e50c-c218-11ed-8038-d8cb8ac0caec', '', 'Englehart ESSO', '141 4th Ave, Englehart, ON P0J 1H0', 'C$', NULL, '2022-01-10 00:00:00', '2023-03-13 23:28:38', '2023-03-13 23:28:38'),
	('518a7bf5-c213-11ed-8038-d8cb8ac0caec', '', 'Circle K (Shell)', '565 Algonquin Blvd E, Timmins, ON P4N 7N5', 'C$', NULL, '2022-12-21 00:00:00', '2023-03-13 22:52:54', '2023-03-13 22:52:54'),
	('521c9d01-c28f-11ed-8038-d8cb8ac0caec', '', 'Circle K (Shell)', '565 Algonquin Blvd E, Timmins, ON P4N 7N5', 'C$', NULL, '2022-03-23 00:00:00', '2023-03-14 13:40:26', '2023-03-14 13:40:26'),
	('52b5ef1c-bb64-11ed-a725-d8cb8ac0caec', '', 'Railside General Supplies', '3272 Monahan Rd, Val Gagne, On, P0K 1W0, Canada', 'C$', NULL, '2022-05-24 00:00:00', '2023-03-05 09:45:07', '2023-03-05 09:45:07'),
	('53195e65-b7cc-11ed-a20d-d8cb8ac0caec', '', 'Railside General Supplies', '3272 Monahan Rd, Val Gagne, On, P0K 1W0, Canada', 'C$', NULL, '2022-12-13 00:00:00', '2023-02-28 19:59:25', '2023-02-28 19:59:25'),
	('5391b875-a95d-11ec-ac57-d8cb8ac0caec', '', 'Temiskaming Livestock Exchange Ltd 1992', '883006 ON-65 RR 3, New Liskeard, ON P0J 1P0', 'C$', 'uploads/transactions/2021/04/05/temiskaming_livestock_exchange_ltd_1992-5391b875-a95d-11ec-ac57-d8cb8ac0caec.jpeg', '2021-04-05 00:00:00', '2022-03-21 17:24:23', '2022-03-21 17:29:03'),
	('5442dbc0-c083-11ed-a0c9-d8cb8ac0caec', '', 'Canadian Tire Gas+', '165 Government Rd W, Kirkland Lake, ON P2N 2E8', 'C$', NULL, '2022-08-09 00:00:00', '2023-03-11 22:09:28', '2023-03-11 22:09:28'),
	('5451197d-c216-11ed-8038-d8cb8ac0caec', '', 'Circle K (Shell)', '565 Algonquin Blvd E, Timmins, ON P4N 7N5', 'C$', NULL, '2022-11-16 00:00:00', '2023-03-13 23:14:27', '2023-03-13 23:14:27'),
	('58078454-c212-11ed-8038-d8cb8ac0caec', '', 'Circle K (Shell)', '565 Algonquin Blvd E, Timmins, ON P4N 7N5', 'C$', NULL, '2022-03-13 00:00:00', '2023-03-13 22:45:56', '2023-03-13 22:45:56'),
	('59064596-c087-11ed-a0c9-d8cb8ac0caec', '', 'Circle K (Shell)', '565 Algonquin Blvd E, Timmins, ON P4N 7N5', 'C$', NULL, '2022-06-01 00:00:00', '2023-03-11 22:38:14', '2023-03-11 22:38:14'),
	('5abd275b-bb63-11ed-a725-d8cb8ac0caec', '', 'Railside General Supplies', '3272 Monahan Rd, Val Gagne, On, P0K 1W0, Canada', 'C$', NULL, '2022-07-12 00:00:00', '2023-03-05 09:38:11', '2023-03-05 09:38:11'),
	('5d9776d5-be27-11ed-a0e4-d8cb8ac0caec', '', 'ESSO Timmins', '562 Algonquin Blvd E, Timmins, ON P4N 1B7', 'C$', NULL, '2022-08-21 00:00:00', '2023-03-08 22:06:14', '2023-03-08 22:06:14'),
	('5f66bccc-c214-11ed-8038-d8cb8ac0caec', '', 'Canadian Tire Gas+', '55 Waterloo Rd, Timmins, ON P4N 8M4', 'C$', NULL, '2022-11-12 00:00:00', '2023-03-13 23:00:27', '2023-03-13 23:00:27'),
	('609843e2-a8c4-11ec-ac57-d8cb8ac0caec', '', 'Northern Feed & Supplies', '964027 Development Rd, Thornloe, ON P0J 1S0', 'C$', 'uploads/transactions/2021/07/12/thornloe_farm_supply_inc-609843e2-a8c4-11ec-ac57-d8cb8ac0caec.jpeg', '2021-07-12 00:00:00', '2022-03-20 23:09:37', '2022-03-20 23:10:08'),
	('672925de-bb66-11ed-a725-d8cb8ac0caec', '', 'Railside General Supplies', '3272 Monahan Rd, Val Gagne, On, P0K 1W0, Canada', 'C$', NULL, '2022-01-11 00:00:00', '2023-03-05 10:00:01', '2023-03-05 10:00:01'),
	('673235e8-c28e-11ed-8038-d8cb8ac0caec', '', 'Petro-Canada', '4310 Harold Ave, South Porcupine, ON P0N 1H0', 'C$', NULL, '2022-08-03 00:00:00', '2023-03-14 13:33:52', '2023-03-14 13:33:52'),
	('6824cc5d-c28c-11ed-8038-d8cb8ac0caec', '', 'Petro-Canada', '4310 Harold Ave, South Porcupine, ON P0N 1H0', 'C$', NULL, '2022-10-02 00:00:00', '2023-03-14 13:19:34', '2023-03-14 13:19:34'),
	('682e0dce-b7d2-11ed-a20d-d8cb8ac0caec', '', 'Railside General Supplies', '3272 Monahan Rd, Val Gagne, On, P0K 1W0, Canada', 'C$', NULL, '2022-07-18 00:00:00', '2023-02-28 20:42:58', '2023-02-28 20:42:58'),
	('68e3ff6c-b7ce-11ed-a20d-d8cb8ac0caec', '', 'Railside General Supplies', '3272 Monahan Rd, Val Gagne, On, P0K 1W0, Canada', 'C$', NULL, '2022-11-01 00:00:00', '2023-02-28 20:14:21', '2023-02-28 20:14:21'),
	('6b41d5a6-c217-11ed-8038-d8cb8ac0caec', '', 'Petro-Canada', '4310 Harold Ave, South Porcupine, ON P0N 1H0', 'C$', NULL, '2022-12-28 00:00:00', '2023-03-13 23:22:15', '2023-03-13 23:22:15'),
	('6c8b9219-be1a-11ed-a0e4-d8cb8ac0caec', '', 'Timmins Garage Inc.', '1395 Riverside Dr, Timmins, ON P4R 1A6', 'C$', NULL, '2022-08-19 00:00:00', '2023-03-08 20:33:36', '2023-03-08 20:33:36'),
	('6d47200b-a958-11ec-ac57-d8cb8ac0caec', '', 'Temiskaming Livestock Exchange Ltd 1992', '883006 ON-65 RR 3, New Liskeard, ON P0J 1P0', 'C$', 'uploads/transactions/2021/09/27/temiskaming_livestock_exchange_ltd_1992-6d47200b-a958-11ec-ac57-d8cb8ac0caec.jpeg', '2021-09-27 00:00:00', '2022-03-21 16:49:18', '2022-03-21 16:50:12'),
	('6dababaf-a95e-11ec-ac57-d8cb8ac0caec', '', 'Railside General Supplies', '3272 Monahan Rd, Val Gagne, On, P0K 1W0, Canada', 'C$', 'uploads/transactions/2021/09/27/railside_general_supplies-6dababaf-a95e-11ec-ac57-d8cb8ac0caec.jpeg', '2021-09-27 00:00:00', '2022-03-21 17:32:16', '2022-03-21 17:32:45'),
	('6e77879b-bb67-11ed-a725-d8cb8ac0caec', '', 'Railside General Supplies', '3272 Monahan Rd, Val Gagne, On, P0K 1W0, Canada', 'C$', NULL, '2022-08-03 00:00:00', '2023-03-05 10:07:22', '2023-03-05 10:07:22'),
	('6e85c84d-a957-11ec-ac57-d8cb8ac0caec', '', 'Northern Feed & Supplies', '964027 Development Rd, Thornloe, ON P0J 1S0', 'C$', 'uploads/transactions/2021/10/19/northern_feed_&_supplies-6e85c84d-a957-11ec-ac57-d8cb8ac0caec.jpeg', '2021-10-19 00:00:00', '2022-03-21 16:42:11', '2022-03-21 16:43:29'),
	('6e9a75df-c086-11ed-a0c9-d8cb8ac0caec', '', 'Circle K (Shell)', '565 Algonquin Blvd E, Timmins, ON P4N 7N5', 'C$', NULL, '2022-05-15 00:00:00', '2023-03-11 22:31:41', '2023-03-11 22:31:41'),
	('6f0a30d0-c081-11ed-a0c9-d8cb8ac0caec', '', 'ESSO Timmins', '562 Algonquin Blvd E, Timmins, ON P4N 1B7', 'C$', NULL, '2022-08-21 00:00:00', '2023-03-11 21:55:54', '2023-03-11 21:55:54'),
	('6fb15e5a-c28d-11ed-8038-d8cb8ac0caec', '', 'Circle K (Shell)', '565 Algonquin Blvd E, Timmins, ON P4N 7N5', 'C$', NULL, '2022-03-02 00:00:00', '2023-03-14 13:26:56', '2023-03-14 13:26:56'),
	('7001ad60-b7d3-11ed-a20d-d8cb8ac0caec', '', 'Little Bit Western', '372 Algonquin Boulevard W, Timmins, On, P4N 2S2, Canada', 'C$', NULL, '2022-07-21 00:00:00', '2023-02-28 20:50:20', '2023-02-28 20:50:20'),
	('7236e4c3-c084-11ed-a0c9-d8cb8ac0caec', '', 'Circle K (Shell)', '565 Algonquin Blvd E, Timmins, ON P4N 7N5', 'C$', NULL, '2022-07-10 00:00:00', '2023-03-11 22:17:28', '2023-03-11 22:17:28'),
	('723b280e-a959-11ec-ac57-d8cb8ac0caec', '', 'Temiskaming Livestock Exchange Ltd 1992', '883006 ON-65 RR 3, New Liskeard, ON P0J 1P0', 'C$', 'uploads/transactions/2021/03/22/temiskaming_livestock_exchange_ltd_1992-723b280e-a959-11ec-ac57-d8cb8ac0caec.jpeg', '2021-03-22 00:00:00', '2022-03-21 16:56:36', '2022-03-21 16:57:48'),
	('73383b04-b7d0-11ed-a20d-d8cb8ac0caec', '', 'Railside General Supplies', '3272 Monahan Rd, Val Gagne, On, P0K 1W0, Canada', 'C$', NULL, '2022-10-11 00:00:00', '2023-02-28 20:28:57', '2023-02-28 20:28:57'),
	('73a6a9a0-c211-11ed-8038-d8cb8ac0caec', '', 'Circle K (Shell)', '565 Algonquin Blvd E, Timmins, ON P4N 7N5', 'C$', NULL, '2022-10-23 00:00:00', '2023-03-13 22:39:32', '2023-03-13 22:39:32'),
	('744d95fc-c218-11ed-8038-d8cb8ac0caec', '', 'Circle K (Shell)', '565 Algonquin Blvd E, Timmins, ON P4N 7N5', 'C$', NULL, '2022-01-09 00:00:00', '2023-03-13 23:29:40', '2023-03-13 23:29:40'),
	('744e9446-c20f-11ed-8038-d8cb8ac0caec', '', 'Circle K (Shell)', '565 Algonquin Blvd E, Timmins, ON P4N 7N5', 'C$', NULL, '2022-06-08 00:00:00', '2023-03-13 22:25:14', '2023-03-13 22:25:14'),
	('74929f5f-be23-11ed-a0e4-d8cb8ac0caec', '', 'Circle K (Shell)', '565 Algonquin Blvd E, Timmins, ON P4N 7N5', 'C$', NULL, '2022-07-06 00:00:00', '2023-03-08 21:38:15', '2023-03-08 21:38:15'),
	('775068bb-c082-11ed-a0c9-d8cb8ac0caec', '', 'Circle K (Shell)', '565 Algonquin Blvd E, Timmins, ON P4N 7N5', 'C$', NULL, '2022-07-20 00:00:00', '2023-03-11 22:03:17', '2023-03-11 22:03:17'),
	('77a0e971-c210-11ed-8038-d8cb8ac0caec', '', 'Circle K (Shell)', '565 Algonquin Blvd E, Timmins, ON P4N 7N5', 'C$', NULL, '2022-10-09 00:00:00', '2023-03-13 22:32:30', '2023-03-13 22:32:30'),
	('7978f7d3-be22-11ed-a0e4-d8cb8ac0caec', '', 'Circle K (Shell)', '565 Algonquin Blvd E, Timmins, ON P4N 7N5', 'C$', NULL, '2022-02-16 00:00:00', '2023-03-08 21:31:13', '2023-03-08 21:31:13'),
	('79a10d55-c212-11ed-8038-d8cb8ac0caec', '', 'Circle K (Shell)', '565 Algonquin Blvd E, Timmins, ON P4N 7N5', 'C$', NULL, '2022-12-31 00:00:00', '2023-03-13 22:46:52', '2023-03-13 22:46:52'),
	('7a266a10-a8cd-11ec-ac57-d8cb8ac0caec', '', 'Railside General Supplies', '3272 Monahan Rd, Val Gagne, On, P0K 1W0, Canada', 'C$', 'uploads/transactions/2021/06/29/railside_general_supplies-7a266a10-a8cd-11ec-ac57-d8cb8ac0caec.jpeg', '2021-06-29 00:00:00', '2022-03-21 00:14:46', '2022-03-21 00:15:12'),
	('7b1bb52c-1a10-11ec-9d60-d8cb8ac0caec', 'livestock sale', 'Ontario Stockyards Inc', '3807 ON-89, Cookstown, ON L0L 1L0', 'C$', 'uploads/transactions/2021/01/14/ontario_stockyards_inc-7b1bb52c-1a10-11ec-9d60-d8cb8ac0caec.jpg', '2021-01-14 00:00:00', '2021-09-20 08:44:21', '2021-09-20 08:47:36'),
	('7b72d9da-c28f-11ed-8038-d8cb8ac0caec', '', 'Circle K (Shell)', '565 Algonquin Blvd E, Timmins, ON P4N 7N5', 'C$', NULL, '2022-05-26 00:00:00', '2023-03-14 13:41:35', '2023-03-14 13:41:35'),
	('7bde787f-be1f-11ed-a0e4-d8cb8ac0caec', '', 'Circle K (Shell)', '565 Algonquin Blvd E, Timmins, ON P4N 7N5', 'C$', NULL, '2022-04-10 00:00:00', '2023-03-08 21:09:49', '2023-03-08 21:09:49'),
	('7c7b5d56-a7f0-11ec-ac57-d8cb8ac0caec', '', 'Railside General Supplies', '3272 Monahan Rd, Val Gagne, On, P0K 1W0, Canada', 'C$', 'uploads/transactions/2021/08/05/railside_general_supplies-7c7b5d56-a7f0-11ec-ac57-d8cb8ac0caec.jpeg', '2021-08-05 00:00:00', '2022-03-19 21:53:00', '2022-03-19 21:55:56'),
	('7c9b9cdf-b7d4-11ed-a20d-d8cb8ac0caec', '', 'Little Bit Western', '372 Algonquin Boulevard W, Timmins, On, P4N 2S2, Canada', 'C$', NULL, '2022-06-30 00:00:00', '2023-02-28 20:57:51', '2023-02-28 20:57:51'),
	('7d8a7933-a8c5-11ec-ac57-d8cb8ac0caec', '', 'Railside General Supplies', '3272 Monahan Rd, Val Gagne, On, P0K 1W0, Canada', 'C$', 'uploads/transactions/2021/04/03/railside_general_supplies-7d8a7933-a8c5-11ec-ac57-d8cb8ac0caec.jpeg', '2021-04-03 00:00:00', '2022-03-20 23:17:35', '2022-03-20 23:18:34'),
	('7fd059bd-c213-11ed-8038-d8cb8ac0caec', '', 'Circle K (Shell)', '565 Algonquin Blvd E, Timmins, ON P4N 7N5', 'C$', NULL, '2022-12-20 00:00:00', '2023-03-13 22:54:12', '2023-03-13 22:54:12'),
	('80840c2e-b7cb-11ed-a20d-d8cb8ac0caec', '', 'Railside General Supplies', '3272 Monahan Rd, Val Gagne, On, P0K 1W0, Canada', 'C$', NULL, '2022-12-27 00:00:00', '2023-02-28 19:53:32', '2023-02-28 19:53:32'),
	('815dfc69-c216-11ed-8038-d8cb8ac0caec', '', 'Circle K (Shell)', '565 Algonquin Blvd E, Timmins, ON P4N 7N5', 'C$', NULL, '2022-11-21 00:00:00', '2023-03-13 23:15:43', '2023-03-13 23:15:43'),
	('81dcf167-c087-11ed-a0c9-d8cb8ac0caec', '', 'Circle K (Shell)', '565 Algonquin Blvd E, Timmins, ON P4N 7N5', 'C$', NULL, '2022-06-18 00:00:00', '2023-03-11 22:39:23', '2023-03-11 22:39:23'),
	('82875753-a7e2-11ec-ac57-d8cb8ac0caec', '', 'Railside General Supplies', '3272 Monahan Rd, Val Gagne, On, P0K 1W0, Canada', 'C$', 'uploads/transactions/2021/12/31/railside_general_supplies-82875753-a7e2-11ec-ac57-d8cb8ac0caec.jpeg', '2021-12-31 00:00:00', '2022-03-19 20:12:57', '2022-03-19 20:18:28'),
	('835eca99-b7cd-11ed-a20d-d8cb8ac0caec', '', 'Railside General Supplies', '3272 Monahan Rd, Val Gagne, On, P0K 1W0, Canada', 'C$', NULL, '2022-11-28 00:00:00', '2023-02-28 20:07:56', '2023-02-28 20:07:56'),
	('83da07a6-a8c3-11ec-ac57-d8cb8ac0caec', '', 'Northern Feed & Supplies', '964027 Development Rd, Thornloe, ON P0J 1S0', 'C$', 'uploads/transactions/2021/08/17/northern_feed_&_supplies-83da07a6-a8c3-11ec-ac57-d8cb8ac0caec.jpeg', '2021-08-17 00:00:00', '2022-03-20 23:03:27', '2022-03-20 23:04:19'),
	('852c2393-a8c7-11ec-ac57-d8cb8ac0caec', '', 'Little Bit Western', '372 Algonquin Boulevard W, Timmins, On, P4N 2S2, Canada', 'C$', 'uploads/transactions/2021/12/22/little_bit_western-852c2393-a8c7-11ec-ac57-d8cb8ac0caec.jpeg', '2021-12-22 00:00:00', '2022-03-20 23:32:07', '2022-03-20 23:32:55'),
	('8653fafb-bb64-11ed-a725-d8cb8ac0caec', '', 'Railside General Supplies', '3272 Monahan Rd, Val Gagne, On, P0K 1W0, Canada', 'C$', NULL, '2022-05-16 00:00:00', '2023-03-05 09:46:34', '2023-03-05 09:46:34'),
	('86e5e6bf-a8c6-11ec-ac57-d8cb8ac0caec', '', 'Little Bit Western', '372 Algonquin Boulevard W, Timmins, On, P4N 2S2, Canada', 'C$', 'uploads/transactions/2021/04/08/little_bit_western-86e5e6bf-a8c6-11ec-ac57-d8cb8ac0caec.jpeg', '2021-04-08 00:00:00', '2022-03-20 23:25:01', '2022-03-20 23:25:08'),
	('873f82b8-b7cc-11ed-a20d-d8cb8ac0caec', '', 'Railside General Supplies', '3272 Monahan Rd, Val Gagne, On, P0K 1W0, Canada', 'C$', NULL, '2022-12-06 00:00:00', '2023-02-28 20:00:53', '2023-02-28 20:00:53'),
	('87868600-c28c-11ed-8038-d8cb8ac0caec', '', 'ESSO Timmins', '562 Algonquin Blvd E, Timmins, ON P4N 1B7', 'C$', NULL, '2022-01-20 00:00:00', '2023-03-14 13:20:27', '2023-03-14 13:20:27'),
	('888cad4e-c28e-11ed-8038-d8cb8ac0caec', '', 'Circle K (Shell)', '565 Algonquin Blvd E, Timmins, ON P4N 7N5', 'C$', NULL, '2022-01-13 00:00:00', '2023-03-14 13:34:48', '2023-03-14 13:34:48'),
	('8aa61b7e-c083-11ed-a0c9-d8cb8ac0caec', '', 'Esso', '430 ON-11, Matheson, ON P0K 1N0', 'C$', NULL, '2022-01-03 00:00:00', '2023-03-11 22:10:59', '2023-03-11 22:10:59'),
	('8d4f3219-c217-11ed-8038-d8cb8ac0caec', '', 'Circle K (Shell)', '565 Algonquin Blvd E, Timmins, ON P4N 7N5', 'C$', NULL, '2022-11-13 00:00:00', '2023-03-13 23:23:12', '2023-03-13 23:23:12'),
	('8d949ed7-a7e3-11ec-ac57-d8cb8ac0caec', '', 'Railside General Supplies', '3272 Monahan Rd, Val Gagne, On, P0K 1W0, Canada', 'C$', 'uploads/transactions/2021/12/29/railside_general_supplies-8d949ed7-a7e3-11ec-ac57-d8cb8ac0caec.jpeg', '2021-12-29 00:00:00', '2022-03-19 20:20:25', '2022-03-19 20:21:53'),
	('920f7e7a-a95e-11ec-ac57-d8cb8ac0caec', '', 'Railside General Supplies', '3272 Monahan Rd, Val Gagne, On, P0K 1W0, Canada', 'C$', 'uploads/transactions/2021/09/20/railside_general_supplies-920f7e7a-a95e-11ec-ac57-d8cb8ac0caec.jpeg', '2021-09-20 00:00:00', '2022-03-21 17:33:17', '2022-03-21 17:33:45'),
	('93e9622c-c218-11ed-8038-d8cb8ac0caec', '', 'Englehart ESSO', '141 4th Ave, Englehart, ON P0J 1H0', 'C$', NULL, '2022-05-02 00:00:00', '2023-03-13 23:30:33', '2023-03-13 23:30:33'),
	('9470bd6d-a95f-11ec-ac57-d8cb8ac0caec', '', 'Railside General Supplies', '3272 Monahan Rd, Val Gagne, On, P0K 1W0, Canada', 'C$', 'uploads/transactions/2021/01/02/railside_general_supplies-9470bd6d-a95f-11ec-ac57-d8cb8ac0caec.jpeg', '2021-01-02 00:00:00', '2022-03-21 17:40:30', '2022-03-21 17:41:56'),
	('97b008b3-c084-11ed-a0c9-d8cb8ac0caec', '', 'Circle K (Shell)', '565 Algonquin Blvd E, Timmins, ON P4N 7N5', 'C$', NULL, '2022-07-03 00:00:00', '2023-03-11 22:18:31', '2023-03-11 22:18:31'),
	('98a0f7b4-c211-11ed-8038-d8cb8ac0caec', '', 'Petro-Canada', '4310 Harold Ave, South Porcupine, ON P0N 1H0', 'C$', NULL, '2022-04-19 00:00:00', '2023-03-13 22:40:34', '2023-03-13 22:40:34'),
	('99b48eae-b7cf-11ed-a20d-d8cb8ac0caec', '', 'Railside General Supplies', '3272 Monahan Rd, Val Gagne, On, P0K 1W0, Canada', 'C$', NULL, '2022-10-03 00:00:00', '2023-02-28 20:22:52', '2023-02-28 20:22:52'),
	('9c47eefc-a95c-11ec-ac57-d8cb8ac0caec', '', 'Temiskaming Livestock Exchange Ltd 1992', '883006 ON-65 RR 3, New Liskeard, ON P0J 1P0', 'C$', 'uploads/transactions/2021/04/12/temiskaming_livestock_exchange_ltd_1992-9c47eefc-a95c-11ec-ac57-d8cb8ac0caec.jpeg', '2021-04-12 00:00:00', '2022-03-21 17:19:15', '2022-03-21 17:23:23'),
	('9c8eb4fa-c212-11ed-8038-d8cb8ac0caec', '', 'Circle K (Shell)', '565 Algonquin Blvd E, Timmins, ON P4N 7N5', 'C$', NULL, '2022-03-20 00:00:00', '2023-03-13 22:47:51', '2023-03-13 22:47:51'),
	('9e22a70f-c28d-11ed-8038-d8cb8ac0caec', '', 'Circle K (Shell)', '565 Algonquin Blvd E, Timmins, ON P4N 7N5', 'C$', NULL, '2022-03-09 00:00:00', '2023-03-14 13:28:14', '2023-03-14 13:28:14'),
	('9eeffbcc-be23-11ed-a0e4-d8cb8ac0caec', '', 'Circle K (Shell)', '565 Algonquin Blvd E, Timmins, ON P4N 7N5', 'C$', NULL, '2022-04-27 00:00:00', '2023-03-08 21:39:26', '2023-03-08 21:39:26'),
	('9f526005-a7ef-11ec-ac57-d8cb8ac0caec', '', 'Railside General Supplies', '3272 Monahan Rd, Val Gagne, On, P0K 1W0, Canada', 'C$', 'uploads/transactions/2021/08/23/railside_general_supplies-9f526005-a7ef-11ec-ac57-d8cb8ac0caec.jpeg', '2021-08-23 00:00:00', '2022-03-19 21:46:49', '2022-03-19 21:48:06'),
	('a09f1e4c-a8cd-11ec-ac57-d8cb8ac0caec', '', 'Little Bit Western', '372 Algonquin Boulevard W, Timmins, On, P4N 2S2, Canada', 'C$', 'uploads/transactions/2021/06/17/little_bit_western-a09f1e4c-a8cd-11ec-ac57-d8cb8ac0caec.jpeg', '2021-06-17 00:00:00', '2022-03-21 00:15:50', '2022-03-21 00:16:25'),
	('a23361fc-a958-11ec-ac57-d8cb8ac0caec', '', 'Railside General Supplies', '3272 Monahan Rd, Val Gagne, On, P0K 1W0, Canada', 'C$', 'uploads/transactions/2021/04/27/railside_general_supplies-a23361fc-a958-11ec-ac57-d8cb8ac0caec.jpeg', '2021-04-27 00:00:00', '2022-03-21 16:50:47', '2022-03-21 16:52:20'),
	('a268bbd7-b7d4-11ed-a20d-d8cb8ac0caec', '', 'Little Bit Western', '372 Algonquin Boulevard W, Timmins, On, P4N 2S2, Canada', 'C$', NULL, '2022-07-09 00:00:00', '2023-02-28 20:58:54', '2023-02-28 20:58:54'),
	('a2a91f84-a8ce-11ec-ac57-d8cb8ac0caec', '', 'Temiskaming Livestock Exchange Ltd 1992', '883006 ON-65 RR 3, New Liskeard, ON P0J 1P0', 'C$', 'uploads/transactions/2021/11/01/temiskaming_livestock_exchange_ltd_1992-a2a91f84-a8ce-11ec-ac57-d8cb8ac0caec.jpeg', '2021-11-01 00:00:00', '2022-03-21 00:23:03', '2022-03-21 00:24:42'),
	('a426b45f-b7d3-11ed-a20d-d8cb8ac0caec', '', 'Little Bit Western', '372 Algonquin Boulevard W, Timmins, On, P4N 2S2, Canada', 'C$', NULL, '2022-09-30 00:00:00', '2023-02-28 20:51:48', '2023-02-28 20:51:48'),
	('a4510fc5-be27-11ed-a0e4-d8cb8ac0caec', '', 'Petro-Canada', '4310 Harold Ave, South Porcupine, ON P0N 1H0', 'C$', NULL, '2022-09-14 00:00:00', '2023-03-08 22:08:13', '2023-03-08 22:08:13'),
	('a4d0d09a-bb63-11ed-a725-d8cb8ac0caec', '', 'Railside General Supplies', '3272 Monahan Rd, Val Gagne, On, P0K 1W0, Canada', 'C$', NULL, '2022-06-21 00:00:00', '2023-03-05 09:40:15', '2023-03-05 09:40:15'),
	('a51c472b-bb7e-11ed-a725-d8cb8ac0caec', '', 'Tom Dupuis', '305 Ann Ave, Timmins, P4N 1V4', 'C$', NULL, '2022-10-12 00:00:00', '2023-03-05 12:53:32', '2023-03-05 12:53:32'),
	('a525e08f-c210-11ed-8038-d8cb8ac0caec', '', 'Circle K (Shell)', '565 Algonquin Blvd E, Timmins, ON P4N 7N5', 'C$', NULL, '2022-09-25 00:00:00', '2023-03-13 22:33:46', '2023-03-13 22:33:46'),
	('a5b8347f-b7d1-11ed-a20d-d8cb8ac0caec', '', 'Railside General Supplies', '3272 Monahan Rd, Val Gagne, On, P0K 1W0, Canada', 'C$', NULL, '2022-08-08 00:00:00', '2023-02-28 20:37:31', '2023-02-28 20:37:31'),
	('a6a8b61d-c20f-11ed-8038-d8cb8ac0caec', '', 'Circle K (Shell)', '565 Algonquin Blvd E, Timmins, ON P4N 7N5', 'C$', NULL, '2022-06-15 00:00:00', '2023-03-13 22:26:39', '2023-03-13 22:26:39'),
	('a8b255f1-c28c-11ed-8038-d8cb8ac0caec', '', 'Esso', '430 ON-11, Matheson, ON P0K 1N0', 'C$', NULL, '2022-10-11 00:00:00', '2023-03-14 13:21:23', '2023-03-14 13:21:23'),
	('a9927d45-c083-11ed-a0c9-d8cb8ac0caec', '', 'Petro-Canada', '4310 Harold Ave, South Porcupine, ON P0N 1H0', 'C$', NULL, '2022-07-27 00:00:00', '2023-03-11 22:11:51', '2023-03-11 22:11:51'),
	('a9959d2e-a7e4-11ec-ac57-d8cb8ac0caec', '', 'Little Bit Western', '372 Algonquin Boulevard W, Timmins, On, P4N 2S2, Canada', 'C$', 'uploads/transactions/2021/03/01/little_bit_western-a9959d2e-a7e4-11ec-ac57-d8cb8ac0caec.jpeg', '2021-03-01 00:00:00', '2022-03-19 20:28:22', '2022-03-19 20:29:18'),
	('ac126da2-b7ca-11ed-a20d-d8cb8ac0caec', '', 'Temiskaming Livestock Exchange Ltd 1992', '883006 ON-65 RR 3, New Liskeard, ON P0J 1P0', 'C$', NULL, '2022-01-10 00:00:00', '2023-02-28 19:47:35', '2023-02-28 19:47:35'),
	('af64037a-c217-11ed-8038-d8cb8ac0caec', '', 'Circle K (Shell)', '565 Algonquin Blvd E, Timmins, ON P4N 7N5', 'C$', NULL, '2022-11-26 00:00:00', '2023-03-13 23:24:10', '2023-03-13 23:24:10'),
	('b052e4ba-a959-11ec-ac57-d8cb8ac0caec', '', 'Temiskaming Livestock Exchange Ltd 1992', '883006 ON-65 RR 3, New Liskeard, ON P0J 1P0', 'C$', 'uploads/transactions/2021/03/08/temiskaming_livestock_exchange_ltd_1992-b052e4ba-a959-11ec-ac57-d8cb8ac0caec.jpeg', '2021-03-08 00:00:00', '2022-03-21 16:58:20', '2022-03-21 16:59:47'),
	('b15be70c-c28e-11ed-8038-d8cb8ac0caec', '', 'Circle K (Shell)', '565 Algonquin Blvd E, Timmins, ON P4N 7N5', 'C$', NULL, '2022-01-30 00:00:00', '2023-03-14 13:35:56', '2023-03-14 13:35:56'),
	('b2177d4c-a957-11ec-ac57-d8cb8ac0caec', '', 'Railside General Supplies', '3272 Monahan Rd, Val Gagne, On, P0K 1W0, Canada', 'C$', 'uploads/transactions/2021/10/18/railside_general_supplies-b2177d4c-a957-11ec-ac57-d8cb8ac0caec.jpeg', '2021-10-18 00:00:00', '2022-03-21 16:44:04', '2022-03-21 16:44:43'),
	('b35f909f-c218-11ed-8038-d8cb8ac0caec', '', 'Petro-Canada', '4310 Harold Ave, South Porcupine, ON P0N 1H0', 'C$', NULL, '2022-02-14 00:00:00', '2023-03-13 23:31:26', '2023-03-13 23:31:26'),
	('b3759a5c-a95e-11ec-ac57-d8cb8ac0caec', '', 'Little Bit Western', '372 Algonquin Boulevard W, Timmins, On, P4N 2S2, Canada', 'C$', 'uploads/transactions/2021/09/24/little_bit_western-b3759a5c-a95e-11ec-ac57-d8cb8ac0caec.jpeg', '2021-09-24 00:00:00', '2022-03-21 17:34:13', '2022-03-21 17:34:45'),
	('b3898a8c-a8c4-11ec-ac57-d8cb8ac0caec', '', 'Northern Feed & Supplies', '964027 Development Rd, Thornloe, ON P0J 1S0', 'C$', 'uploads/transactions/2021/08/07/northern_feed_&_supplies-b3898a8c-a8c4-11ec-ac57-d8cb8ac0caec.jpeg', '2021-08-07 00:00:00', '2022-03-20 23:11:57', '2022-03-20 23:12:02'),
	('b405c0cd-a7ee-11ec-ac57-d8cb8ac0caec', '', 'Railside General Supplies', '3272 Monahan Rd, Val Gagne, On, P0K 1W0, Canada', 'C$', 'uploads/transactions/2021/05/17/railside_general_supplies-b405c0cd-a7ee-11ec-ac57-d8cb8ac0caec.jpeg', '2021-05-17 00:00:00', '2022-03-19 21:40:14', '2022-03-19 21:45:06'),
	('b626a1e1-be26-11ed-a0e4-d8cb8ac0caec', '', 'Circle K (Shell)', '565 Algonquin Blvd E, Timmins, ON P4N 7N5', 'C$', NULL, '2022-09-08 00:00:00', '2023-03-08 22:01:33', '2023-03-08 22:01:33'),
	('b9f05c00-a8c5-11ec-ac57-d8cb8ac0caec', '', 'Thornloe Farm Supply Inc', '31 Main St, Thornloe, ON, P0J 1S0', 'C$', 'uploads/transactions/2021/03/22/thornloe_farm_supply_inc-b9f05c00-a8c5-11ec-ac57-d8cb8ac0caec.jpeg', '2021-03-22 00:00:00', '2022-03-20 23:19:17', '2022-03-20 23:20:46'),
	('bad3281c-c28b-11ed-8038-d8cb8ac0caec', '', 'Esso', '430 ON-11, Matheson, ON P0K 1N0', 'C$', NULL, '2022-02-28 00:00:00', '2023-03-14 13:14:44', '2023-03-14 13:14:44'),
	('baf25683-c216-11ed-8038-d8cb8ac0caec', '', 'Circle K', ' 287 Algonquin Blvd W, Timmins, ON P4N 2R9', 'C$', NULL, '2022-11-21 00:00:00', '2023-03-13 23:17:19', '2023-03-13 23:17:19'),
	('bc107127-a8c7-11ec-ac57-d8cb8ac0caec', '', 'Railside General Supplies', '3272 Monahan Rd, Val Gagne, On, P0K 1W0, Canada', 'C$', 'uploads/transactions/2021/11/17/railside_general_supplies-bc107127-a8c7-11ec-ac57-d8cb8ac0caec.jpeg', '2021-11-17 00:00:00', '2022-03-20 23:33:39', '2022-03-20 23:35:27'),
	('bc3827b2-a8c6-11ec-ac57-d8cb8ac0caec', '', 'Little Bit Western', '372 Algonquin Boulevard W, Timmins, On, P4N 2S2, Canada', 'C$', 'uploads/transactions/2021/03/16/little_bit_western-bc3827b2-a8c6-11ec-ac57-d8cb8ac0caec.jpeg', '2021-03-16 00:00:00', '2022-03-20 23:26:30', '2022-03-20 23:26:35'),
	('bcbf01f6-c28d-11ed-8038-d8cb8ac0caec', '', 'Circle K (Shell)', '565 Algonquin Blvd E, Timmins, ON P4N 7N5', 'C$', NULL, '2022-02-13 00:00:00', '2023-03-14 13:29:06', '2023-03-14 13:29:06'),
	('bd74ccf4-be23-11ed-a0e4-d8cb8ac0caec', '', 'Circle K (Shell)', '565 Algonquin Blvd E, Timmins, ON P4N 7N5', 'C$', NULL, '2022-04-13 00:00:00', '2023-03-08 21:40:17', '2023-03-08 21:40:17'),
	('be0943a9-a8cc-11ec-ac57-d8cb8ac0caec', '', 'LEIS Landscaping & Country Store', '998063 Hwy 11 North, New Liskeard, Ontario, P0J 1P0', 'C$', 'uploads/transactions/2021/06/22/leis_landscaping_&_country_store-be0943a9-a8cc-11ec-ac57-d8cb8ac0caec.jpeg', '2021-06-22 00:00:00', '2022-03-21 00:09:30', '2022-03-21 00:10:38'),
	('c06cab1a-c081-11ed-a0c9-d8cb8ac0caec', '', 'Petro-Canada', '4310 Harold Ave, South Porcupine, ON P0N 1H0', 'C$', NULL, '2022-08-24 00:00:00', '2023-03-11 21:58:11', '2023-03-11 21:58:11'),
	('c309a413-c214-11ed-8038-d8cb8ac0caec', '', 'Circle K (Shell)', '565 Algonquin Blvd E, Timmins, ON P4N 7N5', 'C$', NULL, '2022-10-26 00:00:00', '2023-03-13 23:03:14', '2023-03-13 23:03:14'),
	('c4ef6765-c085-11ed-a0c9-d8cb8ac0caec', '', 'Petro-Canada', '4310 Harold Ave, South Porcupine, ON P0N 1H0', 'C$', NULL, '2022-07-13 00:00:00', '2023-03-11 22:26:56', '2023-03-11 22:26:56'),
	('c5afc87f-bb64-11ed-a725-d8cb8ac0caec', '', 'Railside General Supplies', '3272 Monahan Rd, Val Gagne, On, P0K 1W0, Canada', 'C$', NULL, '2022-05-10 00:00:00', '2023-03-05 09:48:20', '2023-03-05 09:48:20'),
	('c6f86779-c212-11ed-8038-d8cb8ac0caec', '', 'Circle K (Shell)', '565 Algonquin Blvd E, Timmins, ON P4N 7N5', 'C$', NULL, '2022-12-11 00:00:00', '2023-03-13 22:49:02', '2023-03-13 22:49:02'),
	('cb0d707c-be22-11ed-a0e4-d8cb8ac0caec', '', 'ESSO Timmins', '562 Algonquin Blvd E, Timmins, ON P4N 1B7', 'C$', NULL, '2022-11-05 00:00:00', '2023-03-08 21:33:30', '2023-03-08 21:33:30'),
	('ce568809-b7d3-11ed-a20d-d8cb8ac0caec', '', 'Temiskaming Livestock Exchange Ltd 1992', '883006 ON-65 RR 3, New Liskeard, ON P0J 1P0', 'C$', NULL, '2022-07-04 00:00:00', '2023-02-28 20:52:58', '2023-02-28 20:52:58'),
	('cea22200-c28e-11ed-8038-d8cb8ac0caec', '', 'Esso', '430 ON-11, Matheson, ON P0K 1N0', 'C$', NULL, '2022-01-18 00:00:00', '2023-03-14 13:36:45', '2023-03-14 13:36:45'),
	('cecd9158-b7ca-11ed-a20d-d8cb8ac0caec', '', 'Temiskaming Livestock Exchange Ltd 1992', '883006 ON-65 RR 3, New Liskeard, ON P0J 1P0', 'C$', NULL, '2022-02-28 00:00:00', '2023-02-28 19:48:34', '2023-02-28 20:42:00'),
	('cf224c7d-a8ca-11ec-ac57-d8cb8ac0caec', 'No receipt. Paid in cash.', 'Private Buyer', '', 'C$', NULL, '2021-10-16 00:00:00', '2022-03-20 23:55:40', '2022-03-20 23:56:21'),
	('cfd20442-c210-11ed-8038-d8cb8ac0caec', '', 'Petro-Canada', '4310 Harold Ave, South Porcupine, ON P0N 1H0', 'C$', NULL, '2022-09-28 00:00:00', '2023-03-13 22:34:58', '2023-03-13 22:34:58'),
	('d0a7bb74-c211-11ed-8038-d8cb8ac0caec', '', 'Circle K (Shell)', '565 Algonquin Blvd E, Timmins, ON P4N 7N5', 'C$', NULL, '2022-05-11 00:00:00', '2023-03-13 22:42:08', '2023-03-13 22:42:08'),
	('d0de6e7f-c083-11ed-a0c9-d8cb8ac0caec', '', 'Petro-Canada', '4310 Harold Ave, South Porcupine, ON P0N 1H0', 'C$', NULL, '2022-07-30 00:00:00', '2023-03-11 22:12:57', '2023-03-11 22:12:57'),
	('d1d0fd9d-c086-11ed-a0c9-d8cb8ac0caec', '', 'Petro-Canada', '4310 Harold Ave, South Porcupine, ON P0N 1H0', 'C$', NULL, '2022-05-22 00:00:00', '2023-03-11 22:34:27', '2023-03-11 22:34:27'),
	('d2291662-a8cd-11ec-ac57-d8cb8ac0caec', '', 'Northern Feed & Supplies', '964027 Development Rd, Thornloe, ON P0J 1S0', 'C$', 'uploads/transactions/2021/11/23/northern_feed_&_supplies-d2291662-a8cd-11ec-ac57-d8cb8ac0caec.jpeg', '2021-11-23 00:00:00', '2022-03-21 00:17:13', '2022-03-21 00:18:05'),
	('d3c09a9a-be1f-11ed-a0e4-d8cb8ac0caec', '', 'Circle K (Shell)', '565 Algonquin Blvd E, Timmins, ON P4N 7N5', 'C$', NULL, '2022-03-27 00:00:00', '2023-03-08 21:12:16', '2023-03-08 21:12:16'),
	('d69f411d-c216-11ed-8038-d8cb8ac0caec', '', 'Circle K (Shell)', '565 Algonquin Blvd E, Timmins, ON P4N 7N5', 'C$', NULL, '2022-11-19 00:00:00', '2023-03-13 23:18:06', '2023-03-13 23:18:06'),
	('d7bd5642-c213-11ed-8038-d8cb8ac0caec', '', 'Circle K (Shell)', '565 Algonquin Blvd E, Timmins, ON P4N 7N5', 'C$', NULL, '2022-12-24 00:00:00', '2023-03-13 22:56:39', '2023-03-13 22:56:39'),
	('d7c49b53-a95e-11ec-ac57-d8cb8ac0caec', '', 'Railside General Supplies', '3272 Monahan Rd, Val Gagne, On, P0K 1W0, Canada', 'C$', 'uploads/transactions/2021/10/12/railside_general_supplies-d7c49b53-a95e-11ec-ac57-d8cb8ac0caec.jpeg', '2021-10-12 00:00:00', '2022-03-21 17:35:14', '2022-03-21 17:35:42'),
	('d85508df-c20f-11ed-8038-d8cb8ac0caec', '', 'Circle K (Shell)', '565 Algonquin Blvd E, Timmins, ON P4N 7N5', 'C$', NULL, '2022-06-25 00:00:00', '2023-03-13 22:28:02', '2023-03-13 22:28:02'),
	('d9b457eb-c28b-11ed-8038-d8cb8ac0caec', '', 'Circle K (Shell)', '565 Algonquin Blvd E, Timmins, ON P4N 7N5', 'C$', NULL, '2022-04-03 00:00:00', '2023-03-14 13:15:35', '2023-03-14 13:15:35'),
	('d9d44307-c28d-11ed-8038-d8cb8ac0caec', '', 'Petro-Canada', '4310 Harold Ave, South Porcupine, ON P0N 1H0', 'C$', NULL, '2022-02-09 00:00:00', '2023-03-14 13:29:55', '2023-03-14 13:29:55'),
	('db814a64-be23-11ed-a0e4-d8cb8ac0caec', '', 'Circle K (Shell)', '565 Algonquin Blvd E, Timmins, ON P4N 7N5', 'C$', NULL, '2022-06-22 00:00:00', '2023-03-08 21:41:07', '2023-03-08 21:41:07'),
	('dcea3f73-b7ce-11ed-a20d-d8cb8ac0caec', '', 'Railside General Supplies', '3272 Monahan Rd, Val Gagne, On, P0K 1W0, Canada', 'C$', NULL, '2022-10-17 00:00:00', '2023-02-28 20:17:35', '2023-02-28 20:17:35'),
	('dd6050ec-c28c-11ed-8038-d8cb8ac0caec', '', 'Circle K (Shell)', '565 Algonquin Blvd E, Timmins, ON P4N 7N5', 'C$', NULL, '2022-03-30 00:00:00', '2023-03-14 13:22:51', '2023-03-14 13:22:51'),
	('df3b38e9-a957-11ec-ac57-d8cb8ac0caec', '', 'Railside General Supplies', '3272 Monahan Rd, Val Gagne, On, P0K 1W0, Canada', 'C$', 'uploads/transactions/2021/10/04/railside_general_supplies-df3b38e9-a957-11ec-ac57-d8cb8ac0caec.jpeg', '2021-10-04 00:00:00', '2022-03-21 16:45:20', '2022-03-21 16:46:05'),
	('e1e5b547-c082-11ed-a0c9-d8cb8ac0caec', '', 'Petro-Canada', '4310 Harold Ave, South Porcupine, ON P0N 1H0', 'C$', NULL, '2022-07-24 00:00:00', '2023-03-11 22:06:16', '2023-03-11 22:06:16'),
	('e29293e3-a7ef-11ec-ac57-d8cb8ac0caec', '', 'Railside General Supplies', '3272 Monahan Rd, Val Gagne, On, P0K 1W0, Canada', 'C$', 'uploads/transactions/2021/08/30/railside_general_supplies-e29293e3-a7ef-11ec-ac57-d8cb8ac0caec.jpeg', '2021-08-30 00:00:00', '2022-03-19 21:48:42', '2022-03-19 21:49:40'),
	('e3a20a7e-b7cd-11ed-a20d-d8cb8ac0caec', '', 'Railside General Supplies', '3272 Monahan Rd, Val Gagne, On, P0K 1W0, Canada', 'C$', NULL, '2022-11-20 00:00:00', '2023-02-28 20:10:37', '2023-02-28 20:10:37'),
	('e6cdaa64-a8c8-11ec-ac57-d8cb8ac0caec', '', 'Temiskaming Livestock Exchange Ltd 1992', '883006 ON-65 RR 3, New Liskeard, ON P0J 1P0', 'C$', 'uploads/transactions/2021/03/29/temiskaming_livestock_exchange_ltd_1992-e6cdaa64-a8c8-11ec-ac57-d8cb8ac0caec.jpeg', '2021-03-29 00:00:00', '2022-03-20 23:42:01', '2022-03-20 23:44:38'),
	('e80add8c-a8c3-11ec-ac57-d8cb8ac0caec', '', 'Thornloe Farm Supply Inc', '31 Main St, Thornloe, ON, P0J 1S0', 'C$', 'uploads/transactions/2021/03/15/thornloe_farm_supply_inc-e80add8c-a8c3-11ec-ac57-d8cb8ac0caec.jpeg', '2021-03-15 00:00:00', '2022-03-20 23:06:15', '2022-03-20 23:07:02'),
	('e9125fd2-c084-11ed-a0c9-d8cb8ac0caec', '', 'Circle K (Shell)', '565 Algonquin Blvd E, Timmins, ON P4N 7N5', 'C$', NULL, '2022-01-16 00:00:00', '2023-03-11 22:20:47', '2023-03-11 22:20:47'),
	('ebd6f0a8-bb63-11ed-a725-d8cb8ac0caec', '', 'Northern Feed & Supplies', '964027 Development Rd, Thornloe, ON P0J 1S0', 'C$', NULL, '2022-06-06 00:00:00', '2023-03-05 09:42:15', '2023-03-05 09:42:15'),
	('ec3a5ab8-c217-11ed-8038-d8cb8ac0caec', '', 'Circle K (Shell)', '565 Algonquin Blvd E, Timmins, ON P4N 7N5', 'C$', NULL, '2022-02-02 00:00:00', '2023-03-13 23:25:52', '2023-03-13 23:25:52'),
	('ecac0a48-be22-11ed-a0e4-d8cb8ac0caec', '', 'Circle K (Shell)', '565 Algonquin Blvd E, Timmins, ON P4N 7N5', 'C$', NULL, '2022-11-06 00:00:00', '2023-03-08 21:34:27', '2023-03-08 21:34:27'),
	('ed5317f6-c081-11ed-a0c9-d8cb8ac0caec', '', 'Circle K (Shell)', '565 Algonquin Blvd E, Timmins, ON P4N 7N5', 'C$', NULL, '2022-08-31 00:00:00', '2023-03-11 21:59:26', '2023-03-11 21:59:26'),
	('ee16c2e2-a958-11ec-ac57-d8cb8ac0caec', '', 'Railside General Supplies', '3272 Monahan Rd, Val Gagne, On, P0K 1W0, Canada', 'C$', 'uploads/transactions/2021/05/25/railside_general_supplies-ee16c2e2-a958-11ec-ac57-d8cb8ac0caec.jpeg', '2021-05-25 00:00:00', '2022-03-21 16:52:54', '2022-03-21 16:54:53'),
	('efa90818-c28e-11ed-8038-d8cb8ac0caec', '', 'Englehart ESSO', '141 4th Ave, Englehart, ON P0J 1H0', 'C$', NULL, '2022-01-03 00:00:00', '2023-03-14 13:37:41', '2023-03-14 13:37:41'),
	('f0ad5fca-c212-11ed-8038-d8cb8ac0caec', '', 'Circle K (Shell)', '565 Algonquin Blvd E, Timmins, ON P4N 7N5', 'C$', NULL, '2022-12-10 00:00:00', '2023-03-13 22:50:12', '2023-03-13 22:50:12'),
	('f20edd62-b7cb-11ed-a20d-d8cb8ac0caec', '', 'Railside General Supplies', '3272 Monahan Rd, Val Gagne, On, P0K 1W0, Canada', 'C$', NULL, '2022-12-20 00:00:00', '2023-02-28 19:56:42', '2023-02-28 19:56:42'),
	('f2b3ff5a-b7cf-11ed-a20d-d8cb8ac0caec', '', 'Railside General Supplies', '3272 Monahan Rd, Val Gagne, On, P0K 1W0, Canada', 'C$', NULL, '2022-08-23 00:00:00', '2023-02-28 20:25:21', '2023-02-28 20:25:21'),
	('f3b423fc-a7e3-11ec-ac57-d8cb8ac0caec', '', 'Little Bit Western', '372 Algonquin Boulevard W, Timmins, On, P4N 2S2, Canada', 'C$', 'uploads/transactions/2021/03/25/little_bit_western-f3b423fc-a7e3-11ec-ac57-d8cb8ac0caec.jpeg', '2021-03-25 00:00:00', '2022-03-19 20:23:17', '2022-03-19 20:24:14'),
	('f3dec6e1-be1e-11ed-a0e4-d8cb8ac0caec', '', 'Circle K (Shell)', '565 Algonquin Blvd E, Timmins, ON P4N 7N5', 'C$', NULL, '2022-05-04 00:00:00', '2023-03-08 21:06:01', '2023-03-08 21:06:01'),
	('f8ace4c9-c210-11ed-8038-d8cb8ac0caec', '', 'Circle K (Shell)', '565 Algonquin Blvd E, Timmins, ON P4N 7N5', 'C$', NULL, '2022-10-05 00:00:00', '2023-03-13 22:36:06', '2023-03-13 22:36:06'),
	('f9b326a5-c213-11ed-8038-d8cb8ac0caec', '', 'Circle K (Shell)', '565 Algonquin Blvd E, Timmins, ON P4N 7N5', 'C$', NULL, '2022-11-09 00:00:00', '2023-03-13 22:57:36', '2023-03-13 22:57:36'),
	('fa48549c-a959-11ec-ac57-d8cb8ac0caec', '', 'Temiskaming Livestock Exchange Ltd 1992', '883006 ON-65 RR 3, New Liskeard, ON P0J 1P0', 'C$', 'uploads/transactions/2021/03/15/temiskaming_livestock_exchange_ltd_1992-fa48549c-a959-11ec-ac57-d8cb8ac0caec.jpeg', '2021-03-15 00:00:00', '2022-03-21 17:00:24', '2022-03-21 17:01:36'),
	('fa8902b4-c28d-11ed-8038-d8cb8ac0caec', '', 'Englehart ESSO', '141 4th Ave, Englehart, ON P0J 1H0', 'C$', NULL, '2022-02-07 00:00:00', '2023-03-14 13:30:49', '2023-03-14 13:30:49'),
	('fab3fb94-c28b-11ed-8038-d8cb8ac0caec', '', 'Circle K (Shell)', '565 Algonquin Blvd E, Timmins, ON P4N 7N5', 'C$', NULL, '2022-04-06 00:00:00', '2023-03-14 13:16:31', '2023-03-14 13:16:31'),
	('fbc10d97-a7e4-11ec-ac57-d8cb8ac0caec', '', 'Railside General Supplies', '3272 Monahan Rd, Val Gagne, On, P0K 1W0, Canada', 'C$', 'uploads/transactions/2021/12/27/railside_general_supplies-fbc10d97-a7e4-11ec-ac57-d8cb8ac0caec.jpeg', '2021-12-27 00:00:00', '2022-03-19 20:30:40', '2022-03-19 20:31:12'),
	('fbf9e420-b7d0-11ed-a20d-d8cb8ac0caec', '', 'Railside General Supplies', '3272 Monahan Rd, Val Gagne, On, P0K 1W0, Canada', 'C$', NULL, '2022-09-09 00:00:00', '2023-02-28 20:32:47', '2023-02-28 20:32:47'),
	('fd563265-a95e-11ec-ac57-d8cb8ac0caec', '', 'Northern Feed & Supplies', '964027 Development Rd, Thornloe, ON P0J 1S0', 'C$', 'uploads/transactions/2021/09/29/northern_feed_&_supplies-fd563265-a95e-11ec-ac57-d8cb8ac0caec.jpeg', '2021-09-29 00:00:00', '2022-03-21 17:36:17', '2022-03-21 17:36:48'),
	('fee9e57f-c085-11ed-a0c9-d8cb8ac0caec', '', 'Circle K (Shell)', '565 Algonquin Blvd E, Timmins, ON P4N 7N5', 'C$', NULL, '2022-06-29 00:00:00', '2023-03-11 22:28:33', '2023-03-11 22:28:33');

-- Dumping structure for table farmworkphp.transaction_category
CREATE TABLE IF NOT EXISTS `transaction_category` (
  `id` int(11) NOT NULL AUTO_INCREMENT,
  `parent_id` int(11) NOT NULL DEFAULT 0,
  `category_name` varchar(150) NOT NULL,
  `category_description` varchar(250) DEFAULT NULL,
  `created_at` datetime NOT NULL DEFAULT current_timestamp(),
  PRIMARY KEY (`id`)
) ENGINE=InnoDB AUTO_INCREMENT=59 DEFAULT CHARSET=utf8mb4 COLLATE=utf8mb4_general_ci COMMENT='Table contains all income and expence types of the farm';

-- Dumping data for table farmworkphp.transaction_category: ~40 rows (approximately)
DELETE FROM `transaction_category`;
INSERT INTO `transaction_category` (`id`, `parent_id`, `category_name`, `category_description`, `created_at`) VALUES
	(1, 0, 'Feed', 'Feed, supplements, straw, and bedding', '2019-04-29 21:32:30'),
	(5, 0, 'Livestock', 'Livestock types (cattle, chicken, horse, sheep, goats etc...)', '2019-05-03 09:30:51'),
	(9, 0, 'Veterinary', 'Veterinary fees, medicine, and breeding fees.', '2019-05-03 09:34:18'),
	(10, 1, 'Hay', '', '2020-11-11 09:25:54'),
	(11, 1, 'Corn', NULL, '2020-11-11 09:26:13'),
	(14, 5, 'Cattle', NULL, '2020-11-11 09:27:15'),
	(15, 5, 'Poultry', NULL, '2020-11-11 09:27:26'),
	(19, 9, 'Tasvax-8', NULL, '2020-11-11 09:28:30'),
	(20, 9, 'Bovi-Shield Gold 5', NULL, '2020-11-11 09:28:55'),
	(21, 1, 'Cracked Corn', NULL, '2020-11-11 09:29:15'),
	(22, 0, 'Equipment', 'Farming equipment purchases or sales', '2020-12-14 12:23:00'),
	(23, 22, 'Tractor', '', '2020-12-14 12:23:21'),
	(24, 5, 'Livestock and Animals', '', '2021-03-07 09:47:40'),
	(26, 0, 'Other', 'Please specify', '2021-03-07 09:49:15'),
	(27, 22, 'Small tools', '', '2021-03-07 09:50:58'),
	(28, 22, 'Gasoline and diesel fuel', '', '2021-03-07 09:51:22'),
	(30, 22, 'Repairs', '', '2021-03-07 09:53:19'),
	(31, 22, 'Oil', '', '2021-03-07 09:54:37'),
	(32, 0, 'Farm', 'Farm expences', '2021-03-07 10:06:09'),
	(33, 32, 'Electricity', '', '2021-03-07 10:06:20'),
	(34, 32, 'Property Tax', '', '2021-03-07 10:06:29'),
	(35, 0, 'Property', 'Property expences', '2021-03-07 10:08:31'),
	(36, 35, 'Electricity', '', '2021-03-07 10:10:47'),
	(37, 35, 'Property Tax', '', '2021-03-07 10:10:55'),
	(38, 32, 'Mortgage interest', '', '2021-03-07 10:40:37'),
	(39, 32, 'Maintenance', '', '2021-03-07 10:41:04'),
	(40, 32, 'Insurance', '', '2021-03-07 10:41:28'),
	(41, 1, 'Milk Replacer', '', '2021-03-14 22:37:01'),
	(45, 0, 'Vehicle', 'Car used for business expenses, such as cattle transportation and feed pickup.', '2021-04-13 14:07:25'),
	(46, 45, 'Gasoline and oil', '', '2021-04-13 14:07:35'),
	(47, 1, 'Salt', 'Salt for livestock', '2021-07-06 09:38:28'),
	(48, 1, 'Mineral Mix', 'Mineral mix to give animals with mixed feed.', '2021-07-06 09:39:07'),
	(49, 1, 'Calf Starter', '', '2021-07-18 20:26:51'),
	(51, 1, 'Wood Shavings', '', '2021-07-18 20:31:12'),
	(52, 1, 'Straw', '', '2021-07-18 20:31:19'),
	(53, 26, 'Office Supplies', '', '2021-07-18 21:15:57'),
	(55, 9, 'Tube Feeder', '', '2021-09-12 21:17:49'),
	(56, 1, 'Soybean meal', 'Protein supplement for a feed.', '2021-09-20 08:50:46'),
	(57, 1, 'Feed Mix', '', '2022-03-20 23:07:48'),
	(58, 45, 'Repairs and Maintenance', '', '2023-03-08 19:42:05');

-- Dumping structure for table farmworkphp.transaction_item
CREATE TABLE IF NOT EXISTS `transaction_item` (
  `id` char(36) NOT NULL DEFAULT uuid(),
  `transaction_id` char(36) NOT NULL,
  `item_name` varchar(150) NOT NULL,
  `item_desc` varchar(250) DEFAULT NULL,
  `item_category` varchar(150) NOT NULL,
  `item_subcategory` varchar(150) NOT NULL,
  `amount` decimal(19,2) NOT NULL,
  `hst_tax` decimal(19,2) NOT NULL DEFAULT 0.00,
  `gst_tax` decimal(19,2) NOT NULL DEFAULT 0.00,
  `pst_tax` decimal(19,2) NOT NULL DEFAULT 0.00,
  `is_expence` tinyint(4) NOT NULL DEFAULT 1,
  `created_at` datetime NOT NULL DEFAULT current_timestamp(),
  PRIMARY KEY (`id`),
  KEY `FK_transaction_item_transaction` (`transaction_id`) USING BTREE,
  CONSTRAINT `FK_transaction_item_transaction` FOREIGN KEY (`transaction_id`) REFERENCES `transaction` (`id`) ON DELETE CASCADE ON UPDATE CASCADE
) ENGINE=InnoDB DEFAULT CHARSET=utf8mb4 COLLATE=utf8mb4_general_ci COMMENT='A table that holds all transaction items.';

-- Dumping data for table farmworkphp.transaction_item: ~93 rows (approximately)
DELETE FROM `transaction_item`;
INSERT INTO `transaction_item` (`id`, `transaction_id`, `item_name`, `item_desc`, `item_category`, `item_subcategory`, `amount`, `hst_tax`, `gst_tax`, `pst_tax`, `is_expence`, `created_at`) VALUES
	('00708ace-bb64-11ed-a725-d8cb8ac0caec', 'ebd6f0a8-bb63-11ed-a725-d8cb8ac0caec', '1 tote mixed feed', '', 'Feed', 'Feed Mix', -674.24, 0.00, 0.00, 0.00, 1, '2023-03-05 09:42:49'),
	('00a538b4-c083-11ed-a0c9-d8cb8ac0caec', 'e1e5b547-c082-11ed-a0c9-d8cb8ac0caec', 'Gas', '', 'Vehicle', 'Gasoline and oil', -23.70, 0.00, 0.00, 0.00, 1, '2023-03-11 22:07:08'),
	('01dfde6b-b7cf-11ed-a20d-d8cb8ac0caec', 'dcea3f73-b7ce-11ed-a20d-d8cb8ac0caec', '1 soybean meal', '', 'Feed', 'Soybean meal', -29.50, 0.00, 0.00, 0.00, 1, '2023-02-28 20:18:37'),
	('02c6eccb-be1f-11ed-a0e4-d8cb8ac0caec', 'f3dec6e1-be1e-11ed-a0e4-d8cb8ac0caec', 'Gas', '', 'Vehicle', 'Gasoline and oil', -76.65, 0.00, 0.00, 0.00, 1, '2023-03-08 21:06:26'),
	('044255c2-b7d0-11ed-a20d-d8cb8ac0caec', 'f2b3ff5a-b7cf-11ed-a20d-d8cb8ac0caec', '1 40% beef supplement', '', 'Feed', 'Mineral Mix', -25.00, 0.00, 0.00, 0.00, 1, '2023-02-28 20:25:51'),
	('04bf0db5-b7cc-11ed-a20d-d8cb8ac0caec', 'f20edd62-b7cb-11ed-a20d-d8cb8ac0caec', '1 soy bean meal', '', 'Feed', 'Soybean meal', -29.50, 0.00, 0.00, 0.00, 1, '2023-02-28 19:57:14'),
	('052158d8-a7e3-11ec-ac57-d8cb8ac0caec', '82875753-a7e2-11ec-ac57-d8cb8ac0caec', 'Beef Supplement - 1bg', '', 'Feed', 'Mineral Mix', -18.00, 0.00, 0.00, 0.00, 1, '2022-03-19 20:16:36'),
	('065a3a78-c28c-11ed-8038-d8cb8ac0caec', 'fab3fb94-c28b-11ed-8038-d8cb8ac0caec', 'Gas', '', 'Vehicle', 'Gasoline and oil', -140.00, 0.00, 0.00, 0.00, 1, '2023-03-14 13:16:50'),
	('06b2aca3-c214-11ed-8038-d8cb8ac0caec', 'f9b326a5-c213-11ed-8038-d8cb8ac0caec', 'Gas', '', 'Vehicle', 'Gasoline and oil', -94.05, 0.00, 0.00, 0.00, 1, '2023-03-13 22:57:58'),
	('06d1af10-a95a-11ec-ac57-d8cb8ac0caec', 'fa48549c-a959-11ec-ac57-d8cb8ac0caec', 'Black Calf - 90 lb', '', 'Livestock', 'Cattle', -279.00, 0.00, 0.00, 0.00, 1, '2022-03-21 17:00:45'),
	('077e313d-b7d1-11ed-a20d-d8cb8ac0caec', 'fbf9e420-b7d0-11ed-a20d-d8cb8ac0caec', '1 40% beef supplement', '', 'Feed', 'Mineral Mix', -25.00, 0.00, 0.00, 0.00, 1, '2023-02-28 20:33:06'),
	('0821f768-a95d-11ec-ac57-d8cb8ac0caec', '9c47eefc-a95c-11ec-ac57-d8cb8ac0caec', 'Black Calf - 110 lb', '', 'Livestock', 'Cattle', -385.00, 0.00, 0.00, 0.00, 1, '2022-03-21 17:22:16'),
	('0a18c742-c211-11ed-8038-d8cb8ac0caec', 'f8ace4c9-c210-11ed-8038-d8cb8ac0caec', 'Gas', '', 'Vehicle', 'Gasoline and oil', -129.55, 0.00, 0.00, 0.00, 1, '2023-03-13 22:36:35'),
	('0af8dcc7-a7e5-11ec-ac57-d8cb8ac0caec', 'fbc10d97-a7e4-11ec-ac57-d8cb8ac0caec', 'Hay - 8 bales', '', 'Feed', 'Hay', -40.00, 0.00, 0.00, 0.00, 1, '2022-03-19 20:31:05'),
	('0c053f71-be24-11ed-a0e4-d8cb8ac0caec', '0058697e-be24-11ed-a0e4-d8cb8ac0caec', 'Gas', '', 'Vehicle', 'Gasoline and oil', -40.38, 0.00, 0.00, 0.00, 1, '2023-03-08 21:42:29'),
	('0c6e08fe-a95f-11ec-ac57-d8cb8ac0caec', 'fd563265-a95e-11ec-ac57-d8cb8ac0caec', ' Soy and Corn Mix - 1 tone', '', 'Feed', 'Feed Mix', -586.07, 0.00, 0.00, 0.00, 1, '2022-03-21 17:36:42'),
	('0e4b601d-a7ef-11ec-ac57-d8cb8ac0caec', 'b405c0cd-a7ee-11ec-ac57-d8cb8ac0caec', 'Calf Starter - 3bgs', '', 'Feed', 'Calf Starter', -63.00, 0.00, 0.00, 0.00, 1, '2022-03-19 21:42:46'),
	('0e81d063-a959-11ec-ac57-d8cb8ac0caec', 'ee16c2e2-a958-11ec-ac57-d8cb8ac0caec', 'Calf Starter - 3 bgs', '', 'Feed', 'Calf Starter', -67.50, 0.00, 0.00, 0.00, 1, '2022-03-21 16:53:49'),
	('0f25bbfa-c28e-11ed-8038-d8cb8ac0caec', 'fa8902b4-c28d-11ed-8038-d8cb8ac0caec', 'Gas', '', 'Vehicle', 'Gasoline and oil', -113.83, 0.00, 0.00, 0.00, 1, '2023-03-14 13:31:24'),
	('1108e58c-a8c9-11ec-ac57-d8cb8ac0caec', 'e6cdaa64-a8c8-11ec-ac57-d8cb8ac0caec', 'Black Calf - 85 lb', '', 'Livestock', 'Cattle', -289.00, 0.00, 0.00, 0.00, 1, '2022-03-20 23:43:11'),
	('12138814-a7e4-11ec-ac57-d8cb8ac0caec', 'f3b423fc-a7e3-11ec-ac57-d8cb8ac0caec', 'Straw - 2 bales', '', 'Feed', 'Straw', -23.50, 0.00, 0.00, 0.00, 1, '2022-03-19 20:24:08'),
	('143be8fd-c086-11ed-a0c9-d8cb8ac0caec', 'fee9e57f-c085-11ed-a0c9-d8cb8ac0caec', 'Gas', '', 'Vehicle', 'Gasoline and oil', -130.29, 0.00, 0.00, 0.00, 1, '2023-03-11 22:29:09'),
	('14d60623-be23-11ed-a0e4-d8cb8ac0caec', '08d4753b-be23-11ed-a0e4-d8cb8ac0caec', 'Gas', '', 'Vehicle', 'Gasoline and oil', -35.03, 0.00, 0.00, 0.00, 1, '2023-03-08 21:35:34'),
	('154b6882-b7cf-11ed-a20d-d8cb8ac0caec', 'dcea3f73-b7ce-11ed-a20d-d8cb8ac0caec', '1 40% been supplement', '', 'Feed', 'Mineral Mix', -25.00, 0.00, 0.00, 0.00, 1, '2023-02-28 20:19:10'),
	('156b89c5-a95a-11ec-ac57-d8cb8ac0caec', 'fa48549c-a959-11ec-ac57-d8cb8ac0caec', 'Black Calf - 100 lb', '', 'Livestock', 'Cattle', -330.00, 0.00, 0.00, 0.00, 1, '2022-03-21 17:01:10'),
	('15835d2a-b7d1-11ed-a20d-d8cb8ac0caec', 'fbf9e420-b7d0-11ed-a20d-d8cb8ac0caec', '2 cracked corn', '', 'Feed', 'Cracked Corn', -34.00, 0.00, 0.00, 0.00, 1, '2023-02-28 20:33:29'),
	('17615c95-c087-11ed-a0c9-d8cb8ac0caec', '04e29493-c087-11ed-a0c9-d8cb8ac0caec', 'Gas', '', 'Vehicle', 'Gasoline and oil', -151.77, 0.00, 0.00, 0.00, 1, '2023-03-11 22:36:24'),
	('176c0355-c210-11ed-8038-d8cb8ac0caec', '06aa21ab-c210-11ed-8038-d8cb8ac0caec', 'Gas', '', 'Vehicle', 'Gasoline and oil', -40.00, 0.00, 0.00, 0.00, 1, '2023-03-13 22:29:48'),
	('1831cf23-bb63-11ed-a725-d8cb8ac0caec', '01512e6a-bb63-11ed-a725-d8cb8ac0caec', '1 straw bale', '', 'Feed', 'Straw', -12.00, 0.00, 0.00, 0.00, 1, '2023-03-05 09:36:20'),
	('1945a88c-a95d-11ec-ac57-d8cb8ac0caec', '9c47eefc-a95c-11ec-ac57-d8cb8ac0caec', 'Black Calf - 125 lb', '', 'Livestock', 'Cattle', -475.00, 0.00, 0.00, 0.00, 1, '2022-03-21 17:22:45'),
	('1a3ab0e3-b7cc-11ed-a20d-d8cb8ac0caec', 'f20edd62-b7cb-11ed-a20d-d8cb8ac0caec', '3 cracked corn', '', 'Feed', 'Cracked Corn', -55.20, 0.00, 0.00, 0.00, 1, '2023-02-28 19:57:50'),
	('1bf4dde3-c213-11ed-8038-d8cb8ac0caec', '103c8236-c213-11ed-8038-d8cb8ac0caec', 'Gas', '', 'Vehicle', 'Gasoline and oil', -127.23, 0.00, 0.00, 0.00, 1, '2023-03-13 22:51:24'),
	('1d85dec8-be25-11ed-a0e4-d8cb8ac0caec', '125de6c5-be25-11ed-a0e4-d8cb8ac0caec', 'Gas', '', 'Vehicle', 'Gasoline and oil', -20.00, 0.00, 0.00, 0.00, 1, '2023-03-08 21:50:08'),
	('1ebd7a26-c085-11ed-a0c9-d8cb8ac0caec', '12d10909-c085-11ed-a0c9-d8cb8ac0caec', 'Gas', '', 'Vehicle', 'Gasoline and oil', -153.02, 0.00, 0.00, 0.00, 1, '2023-03-11 22:22:17'),
	('1ece34ba-a8cb-11ec-ac57-d8cb8ac0caec', '1134c581-a8cb-11ec-ac57-d8cb8ac0caec', 'Milk Replacer - 1 bg', '', 'Feed', 'Milk Replacer', -77.00, 0.00, 0.00, 0.00, 1, '2022-03-20 23:57:53'),
	('20aed2ad-a7e3-11ec-ac57-d8cb8ac0caec', '82875753-a7e2-11ec-ac57-d8cb8ac0caec', 'Soybean Meal - 1bg', '', 'Feed', 'Soybean meal', -20.00, 0.00, 0.00, 0.00, 1, '2022-03-19 20:17:23'),
	('20d7b67b-a8ce-11ec-ac57-d8cb8ac0caec', '08c81251-a8ce-11ec-ac57-d8cb8ac0caec', 'Calves - 2 heads', '', 'Livestock', 'Cattle', 1464.69, 0.00, 0.00, 0.00, 0, '2022-03-21 00:19:25'),
	('2183476c-c082-11ed-a0c9-d8cb8ac0caec', '13504875-c082-11ed-a0c9-d8cb8ac0caec', 'Gas', '', 'Vehicle', 'Gasoline and oil', -30.44, 0.00, 0.00, 0.00, 1, '2023-03-11 22:00:53'),
	('21a70e44-bb65-11ed-a725-d8cb8ac0caec', '0e2b8a98-bb65-11ed-a725-d8cb8ac0caec', '1 milk replacer', '', 'Feed', 'Milk Replacer', -101.75, 0.00, 0.00, 0.00, 1, '2023-03-05 09:50:54'),
	('21cceefc-a95a-11ec-ac57-d8cb8ac0caec', 'fa48549c-a959-11ec-ac57-d8cb8ac0caec', 'Black Calf - 90 lb', '', 'Livestock', 'Cattle', -315.00, 0.00, 0.00, 0.00, 1, '2022-03-21 17:01:31'),
	('22b4a324-a959-11ec-ac57-d8cb8ac0caec', 'ee16c2e2-a958-11ec-ac57-d8cb8ac0caec', 'Beef Supplement - 1 bg', '', 'Feed', 'Mineral Mix', -19.60, 0.00, 0.00, 0.00, 1, '2022-03-21 16:54:23'),
	('22cbf027-b7d4-11ed-a20d-d8cb8ac0caec', '1080d417-b7d4-11ed-a20d-d8cb8ac0caec', '1 milk replacer', '', 'Feed', 'Milk Replacer', -110.80, 0.00, 0.00, 0.00, 1, '2023-02-28 20:55:20'),
	('22de65c0-be1f-11ed-a0e4-d8cb8ac0caec', '1478faf9-be1f-11ed-a0e4-d8cb8ac0caec', 'Gas', '', 'Vehicle', 'Gasoline and oil', -35.19, 0.00, 0.00, 0.00, 1, '2023-03-08 21:07:20'),
	('2365462c-b7ce-11ed-a20d-d8cb8ac0caec', '144486ff-b7ce-11ed-a20d-d8cb8ac0caec', '1 soybean meal', '', 'Feed', 'Soybean meal', -29.50, 0.00, 0.00, 0.00, 1, '2023-02-28 20:12:24'),
	('243bfefe-c28f-11ed-8038-d8cb8ac0caec', '183e7498-c28f-11ed-8038-d8cb8ac0caec', 'Gas', '', 'Vehicle', 'Gasoline and oil', -136.26, 0.00, 0.00, 0.00, 1, '2023-03-14 13:39:09'),
	('248cd457-a7f1-11ec-ac57-d8cb8ac0caec', '0e9d5187-a7f1-11ec-ac57-d8cb8ac0caec', 'Wood Shavings - 2bgs', '', 'Feed', 'Wood Shavings', -9.90, 0.00, 0.00, 0.00, 1, '2022-03-19 21:57:42'),
	('24dc5e44-c28c-11ed-8038-d8cb8ac0caec', '1a5a0d49-c28c-11ed-8038-d8cb8ac0caec', 'Gas', '', 'Vehicle', 'Gasoline and oil', -131.69, 0.00, 0.00, 0.00, 1, '2023-03-14 13:17:41'),
	('254020cb-b7d3-11ed-a20d-d8cb8ac0caec', '1663eef1-b7d3-11ed-a20d-d8cb8ac0caec', '100 bales of hay', '', 'Feed', 'Hay', -500.00, 0.00, 0.00, 0.00, 1, '2023-02-28 20:48:15'),
	('25523690-b7d1-11ed-a20d-d8cb8ac0caec', 'fbf9e420-b7d0-11ed-a20d-d8cb8ac0caec', '1 soybean meal', '', 'Feed', 'Soybean meal', -28.50, 0.00, 0.00, 0.00, 1, '2023-02-28 20:33:56'),
	('258f9417-a8cd-11ec-ac57-d8cb8ac0caec', '0bb3712f-a8cd-11ec-ac57-d8cb8ac0caec', 'Black Calf - 115 lb', '', 'Livestock', 'Cattle', -460.00, 0.00, 0.00, 0.00, 1, '2022-03-21 00:12:24'),
	('27df2e98-b7d0-11ed-a20d-d8cb8ac0caec', '1ae7160d-b7d0-11ed-a20d-d8cb8ac0caec', '4 cracked corn', '', 'Feed', 'Cracked Corn', -74.00, 0.00, 0.00, 0.00, 1, '2023-02-28 20:26:51'),
	('287936b1-1a11-11ec-9d60-d8cb8ac0caec', '13866f6e-1a11-11ec-9d60-d8cb8ac0caec', 'Cracked Corn 8 bgs', '', 'Feed', 'Cracked Corn', -124.00, 0.00, 0.00, 0.00, 1, '2021-09-20 08:49:11'),
	('2a486149-c211-11ed-8038-d8cb8ac0caec', '1d75e85d-c211-11ed-8038-d8cb8ac0caec', 'Gas', '', 'Vehicle', 'Gasoline and oil', -20.31, 0.00, 0.00, 0.00, 1, '2023-03-13 22:37:29'),
	('2a9651fe-a7ef-11ec-ac57-d8cb8ac0caec', 'b405c0cd-a7ee-11ec-ac57-d8cb8ac0caec', 'Beef Supplement - 1bg', '', 'Feed', 'Mineral Mix', -19.60, 0.00, 0.00, 0.00, 1, '2022-03-19 21:43:33'),
	('2ad6d5c0-a95d-11ec-ac57-d8cb8ac0caec', '9c47eefc-a95c-11ec-ac57-d8cb8ac0caec', 'Black Calf - 105 lb', '', 'Livestock', 'Cattle', -409.50, 0.00, 0.00, 0.00, 1, '2022-03-21 17:23:14'),
	('2af3eec7-a7ee-11ec-ac57-d8cb8ac0caec', '034c5a18-a7ee-11ec-ac57-d8cb8ac0caec', 'AVL Ivermectin Pour On - 1 litre', '', 'Veterinary', '', -58.99, 0.00, 0.00, 0.00, 1, '2022-03-19 21:36:24'),
	('2b367002-c084-11ed-a0c9-d8cb8ac0caec', '2035871a-c084-11ed-a0c9-d8cb8ac0caec', 'Gas', '', 'Vehicle', 'Gasoline and oil', -40.33, 0.00, 0.00, 0.00, 1, '2023-03-11 22:15:29'),
	('2c25a957-c217-11ed-8038-d8cb8ac0caec', '197bc29b-c217-11ed-8038-d8cb8ac0caec', 'Gas', '', 'Vehicle', 'Gasoline and oil', -110.04, 0.00, 0.00, 0.00, 1, '2023-03-13 23:20:29'),
	('2d57b567-a95e-11ec-ac57-d8cb8ac0caec', '15ed7026-a95e-11ec-ac57-d8cb8ac0caec', 'Calf Starter - 3 bgs', '', 'Feed', 'Calf Starter', -71.85, 0.00, 0.00, 0.00, 1, '2022-03-21 17:30:28'),
	('2d670892-a8c5-11ec-ac57-d8cb8ac0caec', '1385a577-a8c5-11ec-ac57-d8cb8ac0caec', 'Milk Replacer - 2bgs', '', 'Feed', 'Milk Replacer', -180.00, 0.00, 0.00, 0.00, 1, '2022-03-20 23:15:21'),
	('2d6fb945-b7cd-11ed-a20d-d8cb8ac0caec', '1d980097-b7cd-11ed-a20d-d8cb8ac0caec', '1 soy bean meal', '', 'Feed', 'Soybean meal', -29.50, 0.00, 0.00, 0.00, 1, '2023-02-28 20:05:31'),
	('2daedd0c-a959-11ec-ac57-d8cb8ac0caec', 'ee16c2e2-a958-11ec-ac57-d8cb8ac0caec', 'Straw - 3 bales', '', 'Feed', 'Straw', -12.00, 0.00, 0.00, 0.00, 1, '2022-03-21 16:54:41'),
	('2ed14b50-bb64-11ed-a725-d8cb8ac0caec', '235039ea-bb64-11ed-a725-d8cb8ac0caec', '1 bale of straw', '', 'Feed', 'Straw', -12.00, 0.00, 0.00, 0.00, 1, '2023-03-05 09:44:07'),
	('2fa750b0-a7e3-11ec-ac57-d8cb8ac0caec', '82875753-a7e2-11ec-ac57-d8cb8ac0caec', 'Hay - 4 bales', '', 'Feed', 'Hay', -20.00, 0.00, 0.00, 0.00, 1, '2022-03-19 20:17:48'),
	('302eeb0f-a8c9-11ec-ac57-d8cb8ac0caec', 'e6cdaa64-a8c8-11ec-ac57-d8cb8ac0caec', 'Black Calf - 80 lb', '', 'Livestock', 'Cattle', -296.00, 0.00, 0.00, 0.00, 1, '2022-03-20 23:44:04'),
	('319ec90b-c28d-11ed-8038-d8cb8ac0caec', '26737010-c28d-11ed-8038-d8cb8ac0caec', 'Gas', '', 'Vehicle', 'Gasoline and oil', -159.40, 0.00, 0.00, 0.00, 1, '2023-03-14 13:25:12'),
	('320750f4-a958-11ec-ac57-d8cb8ac0caec', '17be25fa-a958-11ec-ac57-d8cb8ac0caec', 'Black Calf - 520 lb', '', 'Livestock', 'Cattle', 770.08, 0.00, 0.00, 0.00, 0, '2022-03-21 16:47:39'),
	('322ff6eb-c28e-11ed-8038-d8cb8ac0caec', '2205bd56-c28e-11ed-8038-d8cb8ac0caec', 'Gas', '', 'Vehicle', 'Gasoline and oil', -110.05, 0.00, 0.00, 0.00, 1, '2023-03-14 13:32:23'),
	('32757948-a8cb-11ec-ac57-d8cb8ac0caec', '1134c581-a8cb-11ec-ac57-d8cb8ac0caec', 'Beef Supplement - 2 bgs', '', 'Feed', 'Mineral Mix', -39.20, 0.00, 0.00, 0.00, 1, '2022-03-20 23:58:26'),
	('32cd4c21-a8cd-11ec-ac57-d8cb8ac0caec', '0bb3712f-a8cd-11ec-ac57-d8cb8ac0caec', 'Black Calf - 125 lb', '', 'Livestock', 'Cattle', -475.00, 0.00, 0.00, 0.00, 1, '2022-03-21 00:12:46'),
	('35454335-b7ce-11ed-a20d-d8cb8ac0caec', '144486ff-b7ce-11ed-a20d-d8cb8ac0caec', '3 cracked corn', '', 'Feed', 'Cracked Corn', -55.20, 0.00, 0.00, 0.00, 1, '2023-02-28 20:12:54'),
	('355a64b5-a8c6-11ec-ac57-d8cb8ac0caec', '0e09f154-a8c6-11ec-ac57-d8cb8ac0caec', 'Soy and Corn Mix - 2 tones', '', 'Feed', 'Feed Mix', -1151.40, 0.00, 0.00, 0.00, 1, '2022-03-20 23:22:44'),
	('355ab24a-be23-11ed-a0e4-d8cb8ac0caec', '26a25923-be23-11ed-a0e4-d8cb8ac0caec', 'Gas', '', 'Vehicle', 'Gasoline and oil', -118.85, 0.00, 0.00, 0.00, 1, '2023-03-08 21:36:29'),
	('35dcd095-b7d4-11ed-a20d-d8cb8ac0caec', '1080d417-b7d4-11ed-a20d-d8cb8ac0caec', '1 Calf starter', '', 'Feed', 'Calf Starter', -26.90, 0.00, 0.00, 0.00, 1, '2023-02-28 20:55:52'),
	('36394909-bb65-11ed-a725-d8cb8ac0caec', '0e2b8a98-bb65-11ed-a725-d8cb8ac0caec', '1 calf starter', '', 'Feed', 'Calf Starter', -25.20, 0.00, 0.00, 0.00, 1, '2023-03-05 09:51:29'),
	('39c9201a-b7d0-11ed-a20d-d8cb8ac0caec', '1ae7160d-b7d0-11ed-a20d-d8cb8ac0caec', '1 soybean meal', '', 'Feed', 'Soybean meal', -28.50, 0.00, 0.00, 0.00, 1, '2023-02-28 20:27:21'),
	('3aa82c6a-bb64-11ed-a725-d8cb8ac0caec', '235039ea-bb64-11ed-a725-d8cb8ac0caec', '1 bale of hay', '', 'Feed', 'Hay', -12.00, 0.00, 0.00, 0.00, 1, '2023-03-05 09:44:27'),
	('3acfd05d-b7d3-11ed-a20d-d8cb8ac0caec', '1663eef1-b7d3-11ed-a20d-d8cb8ac0caec', '1 milk replacer', '', 'Feed', 'Milk Replacer', -96.00, 0.00, 0.00, 0.00, 1, '2023-02-28 20:48:51'),
	('3adbbb97-be27-11ed-a0e4-d8cb8ac0caec', '278a3c3b-be27-11ed-a0e4-d8cb8ac0caec', 'Gas', '', 'Vehicle', 'Gasoline and oil', -80.97, 0.00, 0.00, 0.00, 1, '2023-03-08 22:05:16'),
	('3b4631f2-c086-11ed-a0c9-d8cb8ac0caec', '3146a7e4-c086-11ed-a0c9-d8cb8ac0caec', 'Gas', '', 'Vehicle', 'Gasoline and oil', -40.05, 0.00, 0.00, 0.00, 1, '2023-03-11 22:30:15'),
	('3be0b78d-be24-11ed-a0e4-d8cb8ac0caec', '2612822c-be24-11ed-a0e4-d8cb8ac0caec', 'Gas', '', 'Vehicle', 'Gasoline and oil', -35.16, 0.00, 0.00, 0.00, 1, '2023-03-08 21:43:49'),
	('3cfe4979-c085-11ed-a0c9-d8cb8ac0caec', '333c1975-c085-11ed-a0c9-d8cb8ac0caec', 'Gas', '', 'Vehicle', 'Gasoline and oil', -35.00, 0.00, 0.00, 0.00, 1, '2023-03-11 22:23:08'),
	('3da16604-b7cd-11ed-a20d-d8cb8ac0caec', '1d980097-b7cd-11ed-a20d-d8cb8ac0caec', '3 cracked corn', '', 'Feed', 'Cracked Corn', -55.20, 0.00, 0.00, 0.00, 1, '2023-02-28 20:05:59'),
	('3f134400-c087-11ed-a0c9-d8cb8ac0caec', '2c4b4e48-c087-11ed-a0c9-d8cb8ac0caec', 'Gas', '', 'Vehicle', 'Gasoline and oil', -144.13, 0.00, 0.00, 0.00, 1, '2023-03-11 22:37:31'),
	('3f3a2fe5-a8c9-11ec-ac57-d8cb8ac0caec', 'e6cdaa64-a8c8-11ec-ac57-d8cb8ac0caec', 'Black Calf - 80 lb', '', 'Livestock', 'Cattle', -288.00, 0.00, 0.00, 0.00, 1, '2022-03-20 23:44:29'),
	('401ee965-c213-11ed-8038-d8cb8ac0caec', '2c363709-c213-11ed-8038-d8cb8ac0caec', 'Gas', '', 'Vehicle', 'Gasoline and oil', -50.03, 0.00, 0.00, 0.00, 1, '2023-03-13 22:52:25'),
	('40284272-c28c-11ed-8038-d8cb8ac0caec', '34a0b84c-c28c-11ed-8038-d8cb8ac0caec', 'Gas', '', 'Vehicle', 'Gasoline and oil', -35.91, 0.00, 0.00, 0.00, 1, '2023-03-14 13:18:27'),
	('40ca9158-be25-11ed-a0e4-d8cb8ac0caec', '2e21d9c1-be25-11ed-a0e4-d8cb8ac0caec', 'Gas', '', 'Vehicle', 'Gasoline and oil', -96.75, 0.00, 0.00, 0.00, 1, '2023-03-08 21:51:07'),
	('4198e471-c28f-11ed-8038-d8cb8ac0caec', '334786bf-c28f-11ed-8038-d8cb8ac0caec', 'Gas', '', 'Vehicle', 'Gasoline and oil', -20.00, 0.00, 0.00, 0.00, 1, '2023-03-14 13:39:58'),
	('41e9ffd2-a95e-11ec-ac57-d8cb8ac0caec', '15ed7026-a95e-11ec-ac57-d8cb8ac0caec', 'Milk Replacer - 4 bgs', '', 'Feed', 'Milk Replacer', -354.00, 0.00, 0.00, 0.00, 1, '2022-03-21 17:31:02'),
	('42518f34-a8cd-11ec-ac57-d8cb8ac0caec', '0bb3712f-a8cd-11ec-ac57-d8cb8ac0caec', 'Black Calf - 110 lb', '', 'Livestock', 'Cattle', -418.00, 0.00, 0.00, 0.00, 1, '2022-03-21 00:13:12'),
	('42e32235-a8c5-11ec-ac57-d8cb8ac0caec', '1385a577-a8c5-11ec-ac57-d8cb8ac0caec', 'Calf Starter - 1bg', '', 'Feed', 'Calf Starter', -22.42, 0.00, 0.00, 0.00, 1, '2022-03-20 23:15:57'),
	('43b04b8b-c082-11ed-a0c9-d8cb8ac0caec', '370e9875-c082-11ed-a0c9-d8cb8ac0caec', 'Gas', '', 'Vehicle', 'Gasoline and oil', -118.87, 0.00, 0.00, 0.00, 1, '2023-03-11 22:01:51'),
	('44252fba-a8cb-11ec-ac57-d8cb8ac0caec', '1134c581-a8cb-11ec-ac57-d8cb8ac0caec', 'Calf Starter - 3 bgs', '', 'Feed', 'Calf Starter', -67.50, 0.00, 0.00, 0.00, 1, '2022-03-20 23:58:56'),
	('44ddb8d0-c216-11ed-8038-d8cb8ac0caec', '39c2492c-c216-11ed-8038-d8cb8ac0caec', 'Gas', '', 'Vehicle', 'Gasoline and oil', -35.00, 0.00, 0.00, 0.00, 1, '2023-03-13 23:14:01'),
	('45e13a6a-a7ed-11ec-ac57-d8cb8ac0caec', '2af1ceb6-a7ed-11ec-ac57-d8cb8ac0caec', 'Beef Supplement - 1 bg', '', 'Feed', 'Mineral Mix', -18.00, 0.00, 0.00, 0.00, 1, '2022-03-19 21:30:00'),
	('465f645e-b7d0-11ed-a20d-d8cb8ac0caec', '1ae7160d-b7d0-11ed-a20d-d8cb8ac0caec', '1 40% beef supplement', '', 'Feed', 'Mineral Mix', -25.00, 0.00, 0.00, 0.00, 1, '2023-02-28 20:27:42'),
	('474bb4b9-a7f0-11ec-ac57-d8cb8ac0caec', '3399c3cd-a7f0-11ec-ac57-d8cb8ac0caec', 'Beef Supplement - 4bgs', '', 'Feed', 'Mineral Mix', -78.40, 0.00, 0.00, 0.00, 1, '2022-03-19 21:51:31'),
	('494f10ee-b7d3-11ed-a20d-d8cb8ac0caec', '1663eef1-b7d3-11ed-a20d-d8cb8ac0caec', '1 calf starter', '', 'Feed', 'Calf Starter', -27.00, 0.00, 0.00, 0.00, 1, '2023-02-28 20:49:15'),
	('4981a1ad-b7cf-11ed-a20d-d8cb8ac0caec', '3a3a2934-b7cf-11ed-a20d-d8cb8ac0caec', '3 cracked corn', '', 'Feed', 'Cracked Corn', -52.50, 0.00, 0.00, 0.00, 1, '2023-02-28 20:20:38'),
	('498323e0-a957-11ec-ac57-d8cb8ac0caec', '1f30779f-a957-11ec-ac57-d8cb8ac0caec', 'Beef Supplement - 4 bgs', '', 'Feed', 'Mineral Mix', -74.40, 0.00, 0.00, 0.00, 1, '2022-03-21 16:41:09'),
	('4a405ac0-b7d1-11ed-a20d-d8cb8ac0caec', '3a7386b0-b7d1-11ed-a20d-d8cb8ac0caec', '4 cracked corn', '', 'Feed', 'Cracked Corn', -74.00, 0.00, 0.00, 0.00, 1, '2023-02-28 20:34:58'),
	('4be1e34e-a7ef-11ec-ac57-d8cb8ac0caec', 'b405c0cd-a7ee-11ec-ac57-d8cb8ac0caec', 'Straw - 2 bales', '', 'Feed', 'Straw', -8.00, 0.00, 0.00, 0.00, 1, '2022-03-19 21:44:29'),
	('4c77c0b4-a8c6-11ec-ac57-d8cb8ac0caec', '0e09f154-a8c6-11ec-ac57-d8cb8ac0caec', 'Calf Starter - 3bgs', '', 'Feed', 'Calf Starter', -70.40, 0.00, 0.00, 0.00, 1, '2022-03-20 23:23:23'),
	('4c821428-a7ee-11ec-ac57-d8cb8ac0caec', '034c5a18-a7ee-11ec-ac57-d8cb8ac0caec', 'Milk Replacer - 3bg', '', 'Feed', 'Milk Replacer', -238.42, 0.00, 0.00, 0.00, 1, '2022-03-19 21:37:21'),
	('4ed3aee2-c217-11ed-8038-d8cb8ac0caec', '3ec7e3cf-c217-11ed-8038-d8cb8ac0caec', 'Gas', '', 'Vehicle', 'Gasoline and oil', -80.03, 0.00, 0.00, 0.00, 1, '2023-03-13 23:21:28'),
	('4f592eb3-a7e4-11ec-ac57-d8cb8ac0caec', '3bee6669-a7e4-11ec-ac57-d8cb8ac0caec', 'Straw - 2 bales', '', 'Feed', 'Straw', -23.50, 0.00, 0.00, 0.00, 1, '2022-03-19 20:25:50'),
	('501dd31a-a8c7-11ec-ac57-d8cb8ac0caec', '316a1d4a-a8c7-11ec-ac57-d8cb8ac0caec', 'Milk Replacer - 2 bgs', '', 'Feed', 'Milk Replacer', -158.95, 0.00, 0.00, 0.00, 1, '2022-03-20 23:30:38'),
	('51fa0712-a8cb-11ec-ac57-d8cb8ac0caec', '1134c581-a8cb-11ec-ac57-d8cb8ac0caec', 'Straw - 3 bales', '', 'Feed', 'Straw', -12.00, 0.00, 0.00, 0.00, 1, '2022-03-20 23:59:19'),
	('541f2f8b-b7cd-11ed-a20d-d8cb8ac0caec', '1d980097-b7cd-11ed-a20d-d8cb8ac0caec', '40% beef supplement', '', 'Feed', 'Mineral Mix', -26.00, 0.00, 0.00, 0.00, 1, '2023-02-28 20:06:36'),
	('542bbb73-c211-11ed-8038-d8cb8ac0caec', '44db2247-c211-11ed-8038-d8cb8ac0caec', 'Gas', '', 'Vehicle', 'Gasoline and oil', -115.49, 0.00, 0.00, 0.00, 1, '2023-03-13 22:38:40'),
	('55646d62-be23-11ed-a0e4-d8cb8ac0caec', '44f1a5fe-be23-11ed-a0e4-d8cb8ac0caec', 'Gas', '', 'Vehicle', 'Gasoline and oil', -117.06, 0.00, 0.00, 0.00, 1, '2023-03-08 21:37:22'),
	('56b91484-c28e-11ed-8038-d8cb8ac0caec', '47a7746b-c28e-11ed-8038-d8cb8ac0caec', 'Gas', '', 'Vehicle', 'Gasoline and oil', -120.32, 0.00, 0.00, 0.00, 1, '2023-03-14 13:33:24'),
	('57a9d911-a95a-11ec-ac57-d8cb8ac0caec', '4216e532-a95a-11ec-ac57-d8cb8ac0caec', 'Milk Replacer - 2 bgs', '', 'Feed', 'Milk Replacer', -146.00, 0.00, 0.00, 0.00, 1, '2022-03-21 17:03:01'),
	('57dc914f-c084-11ed-a0c9-d8cb8ac0caec', '4abb29fe-c084-11ed-a0c9-d8cb8ac0caec', 'Gas', '', 'Vehicle', 'Gasoline and oil', -106.34, 0.00, 0.00, 0.00, 1, '2023-03-11 22:16:44'),
	('59249fbe-c086-11ed-a0c9-d8cb8ac0caec', '4c6f51b0-c086-11ed-a0c9-d8cb8ac0caec', 'Gas', '', 'Vehicle', 'Gasoline and oil', -157.12, 0.00, 0.00, 0.00, 1, '2023-03-11 22:31:05'),
	('59583c35-bb65-11ed-a725-d8cb8ac0caec', '4bb41918-bb65-11ed-a725-d8cb8ac0caec', '1 black calf', '', 'Livestock', 'Cattle', -342.00, 0.00, 0.00, 0.00, 1, '2023-03-05 09:52:28'),
	('59a76889-a95f-11ec-ac57-d8cb8ac0caec', '2d6a855a-a95f-11ec-ac57-d8cb8ac0caec', 'Hay - 5 bales', '', 'Feed', 'Hay', -20.00, 0.00, 0.00, 0.00, 1, '2022-03-21 17:38:52'),
	('59b0b16c-b7cf-11ed-a20d-d8cb8ac0caec', '3a3a2934-b7cf-11ed-a20d-d8cb8ac0caec', '2 soybean meal', '', 'Feed', 'Soybean meal', -59.00, 0.00, 0.00, 0.00, 1, '2023-02-28 20:21:05'),
	('59d8ded8-c28d-11ed-8038-d8cb8ac0caec', '42283fe8-c28d-11ed-8038-d8cb8ac0caec', 'Gas', '', 'Vehicle', 'Gasoline and oil', -40.40, 0.00, 0.00, 0.00, 1, '2023-03-14 13:26:20'),
	('5a5edf8f-a7ef-11ec-ac57-d8cb8ac0caec', 'b405c0cd-a7ee-11ec-ac57-d8cb8ac0caec', 'Shavings - 2bgs', '', 'Feed', 'Wood Shavings', -12.00, 0.00, 0.00, 0.00, 1, '2022-03-19 21:44:53'),
	('5a7730d7-a8ce-11ec-ac57-d8cb8ac0caec', '4a4b1f54-a8ce-11ec-ac57-d8cb8ac0caec', 'Cracked Corn - 9 bgs', '', 'Feed', 'Cracked Corn', -139.50, 0.00, 0.00, 0.00, 1, '2022-03-21 00:21:02'),
	('5b489140-c210-11ed-8038-d8cb8ac0caec', '467e34dd-c210-11ed-8038-d8cb8ac0caec', 'Gas', '', 'Vehicle', 'Gasoline and oil', -95.22, 0.00, 0.00, 0.00, 1, '2023-03-13 22:31:42'),
	('5b7b35ad-a959-11ec-ac57-d8cb8ac0caec', '4bea62a2-a959-11ec-ac57-d8cb8ac0caec', 'Soy and Corn Mix - 1 tone', '', 'Feed', 'Feed Mix', -606.90, 0.00, 0.00, 0.00, 1, '2022-03-21 16:55:58'),
	('5bc6fb0b-b7d1-11ed-a20d-d8cb8ac0caec', '3a7386b0-b7d1-11ed-a20d-d8cb8ac0caec', '2 soybean meal', '', 'Feed', 'Soybean meal', -57.00, 0.00, 0.00, 0.00, 1, '2023-02-28 20:35:27'),
	('5cf39821-a8ca-11ec-ac57-d8cb8ac0caec', '4b5d8657-a8ca-11ec-ac57-d8cb8ac0caec', 'Black Calf - 100 lb', '', 'Livestock', 'Cattle', -350.00, 0.00, 0.00, 0.00, 1, '2022-03-20 23:52:28'),
	('5d73c304-bb64-11ed-a725-d8cb8ac0caec', '52b5ef1c-bb64-11ed-a725-d8cb8ac0caec', '1 milk replacer', '', 'Feed', 'Milk Replacer', -96.00, 0.00, 0.00, 0.00, 1, '2023-03-05 09:45:25'),
	('5f55ac78-c218-11ed-8038-d8cb8ac0caec', '4f66e50c-c218-11ed-8038-d8cb8ac0caec', 'Gas', '', 'Vehicle', 'Gasoline and oil', -116.88, 0.00, 0.00, 0.00, 1, '2023-03-13 23:29:05'),
	('5faf0dae-c213-11ed-8038-d8cb8ac0caec', '518a7bf5-c213-11ed-8038-d8cb8ac0caec', 'Gas', '', 'Vehicle', 'Gasoline and oil', -100.66, 0.00, 0.00, 0.00, 1, '2023-03-13 22:53:18'),
	('6078598b-be22-11ed-a0e4-d8cb8ac0caec', '4f206793-be22-11ed-a0e4-d8cb8ac0caec', 'Gas', '', 'Vehicle', 'Gasoline and oil', -120.03, 0.00, 0.00, 0.00, 1, '2023-03-08 21:30:31'),
	('60c4d579-c216-11ed-8038-d8cb8ac0caec', '5451197d-c216-11ed-8038-d8cb8ac0caec', 'Gas', '', 'Vehicle', 'Gasoline and oil', -96.09, 0.00, 0.00, 0.00, 1, '2023-03-13 23:14:48'),
	('6209c68c-b7ca-11ed-a20d-d8cb8ac0caec', '460819ac-b7ca-11ed-a20d-d8cb8ac0caec', '2 angus steers', '', 'Livestock', 'Cattle', 1074.42, 0.00, 0.00, 0.00, 0, '2023-02-28 19:45:31'),
	('6245de85-a95d-11ec-ac57-d8cb8ac0caec', '5391b875-a95d-11ec-ac57-d8cb8ac0caec', 'Black Calf - 80 lb', '', 'Livestock', 'Cattle', -288.00, 0.00, 0.00, 0.00, 1, '2022-03-21 17:24:47'),
	('635e7c2c-a8c6-11ec-ac57-d8cb8ac0caec', '0e09f154-a8c6-11ec-ac57-d8cb8ac0caec', 'Milk Replacer - 4bgs', '', 'Feed', 'Milk Replacer', -317.89, 0.00, 0.00, 0.00, 1, '2022-03-20 23:24:01'),
	('63a22ee1-be1f-11ed-a0e4-d8cb8ac0caec', '4cd6d1c5-be1f-11ed-a0e4-d8cb8ac0caec', 'Gas', '', 'Vehicle', 'Gasoline and oil', -66.98, 0.00, 0.00, 0.00, 1, '2023-03-08 21:09:08'),
	('6421edc1-b7cc-11ed-a20d-d8cb8ac0caec', '53195e65-b7cc-11ed-a20d-d8cb8ac0caec', '2 cracked corn', '', 'Feed', 'Cracked Corn', -36.80, 0.00, 0.00, 0.00, 1, '2023-02-28 19:59:54'),
	('6476be1e-c083-11ed-a0c9-d8cb8ac0caec', '5442dbc0-c083-11ed-a0c9-d8cb8ac0caec', 'Gas', '', 'Vehicle', 'Gasoline and oil', -107.00, 0.00, 0.00, 0.00, 1, '2023-03-11 22:09:55'),
	('64d9fac8-a95f-11ec-ac57-d8cb8ac0caec', '2d6a855a-a95f-11ec-ac57-d8cb8ac0caec', 'Calf Starter - 1 bg', '', 'Feed', 'Calf Starter', -21.00, 0.00, 0.00, 0.00, 1, '2022-03-21 17:39:11'),
	('64e3277a-c28f-11ed-8038-d8cb8ac0caec', '521c9d01-c28f-11ed-8038-d8cb8ac0caec', 'Gas', '', 'Vehicle', 'Gasoline and oil', -150.32, 0.00, 0.00, 0.00, 1, '2023-03-14 13:40:57'),
	('65749e85-bb65-11ed-a725-d8cb8ac0caec', '4bb41918-bb65-11ed-a725-d8cb8ac0caec', '1 black calf', '', 'Livestock', 'Cattle', -356.00, 0.00, 0.00, 0.00, 1, '2023-03-05 09:52:48'),
	('67b3926d-a7ed-11ec-ac57-d8cb8ac0caec', '2af1ceb6-a7ed-11ec-ac57-d8cb8ac0caec', 'Soybean Meal -1bg', '', 'Feed', 'Soybean meal', -22.00, 0.00, 0.00, 0.00, 1, '2022-03-19 21:30:57'),
	('67c40eab-c087-11ed-a0c9-d8cb8ac0caec', '59064596-c087-11ed-a0c9-d8cb8ac0caec', 'Gas', '', 'Vehicle', 'Gasoline and oil', -150.05, 0.00, 0.00, 0.00, 1, '2023-03-11 22:38:39'),
	('67de5959-c212-11ed-8038-d8cb8ac0caec', '58078454-c212-11ed-8038-d8cb8ac0caec', 'Gas', '', 'Vehicle', 'Gasoline and oil', -43.40, 0.00, 0.00, 0.00, 1, '2023-03-13 22:46:22'),
	('68efdb2e-bb63-11ed-a725-d8cb8ac0caec', '5abd275b-bb63-11ed-a725-d8cb8ac0caec', '1 milk replacer', '', 'Feed', 'Milk Replacer', -96.00, 0.00, 0.00, 0.00, 1, '2023-03-05 09:38:35'),
	('694b1da1-b7d1-11ed-a20d-d8cb8ac0caec', '3a7386b0-b7d1-11ed-a20d-d8cb8ac0caec', '1 40% beef supplement', '', 'Feed', 'Mineral Mix', -25.00, 0.00, 0.00, 0.00, 1, '2023-02-28 20:35:50'),
	('6965433f-a8c7-11ec-ac57-d8cb8ac0caec', '316a1d4a-a8c7-11ec-ac57-d8cb8ac0caec', 'Calf Starter - 2 bgs', '', 'Feed', 'Calf Starter', -58.25, 0.00, 0.00, 0.00, 1, '2022-03-20 23:31:21'),
	('6a291ddd-a8ce-11ec-ac57-d8cb8ac0caec', '4a4b1f54-a8ce-11ec-ac57-d8cb8ac0caec', 'Soybean Meal - 2 bgs', '', 'Feed', 'Soybean meal', -44.00, 0.00, 0.00, 0.00, 1, '2022-03-21 00:21:28'),
	('6a2aa548-a7ee-11ec-ac57-d8cb8ac0caec', '034c5a18-a7ee-11ec-ac57-d8cb8ac0caec', 'Calf Starter - 2bgs', '', 'Feed', 'Calf Starter', -46.33, 0.00, 0.00, 0.00, 1, '2022-03-19 21:38:10'),
	('6a5da928-a95a-11ec-ac57-d8cb8ac0caec', '4216e532-a95a-11ec-ac57-d8cb8ac0caec', 'Calf Starter - 1 bg', '', 'Feed', 'Calf Starter', -22.50, 0.00, 0.00, 0.00, 1, '2022-03-21 17:03:32'),
	('6e281844-bb64-11ed-a725-d8cb8ac0caec', '52b5ef1c-bb64-11ed-a725-d8cb8ac0caec', '1 calf starter', '', 'Feed', 'Calf Starter', -26.00, 0.00, 0.00, 0.00, 1, '2023-03-05 09:45:53'),
	('6e9f9d86-a8c2-11ec-ac57-d8cb8ac0caec', '491c2740-a8c2-11ec-ac57-d8cb8ac0caec', 'Soy and Corn Mix - 1 tone', '', 'Feed', 'Feed Mix', -574.20, 0.00, 0.00, 0.00, 1, '2022-03-20 22:55:42'),
	('6ea13363-c214-11ed-8038-d8cb8ac0caec', '5f66bccc-c214-11ed-8038-d8cb8ac0caec', 'Gas', '', 'Vehicle', 'Gasoline and oil', -40.21, 0.00, 0.00, 0.00, 1, '2023-03-13 23:00:52'),
	('712280fc-a8ca-11ec-ac57-d8cb8ac0caec', '4b5d8657-a8ca-11ec-ac57-d8cb8ac0caec', 'Black Calf - 110 lb', '', 'Livestock', 'Cattle', -418.00, 0.00, 0.00, 0.00, 1, '2022-03-20 23:53:02'),
	('716bcba5-bb65-11ed-a725-d8cb8ac0caec', '4bb41918-bb65-11ed-a725-d8cb8ac0caec', '1 black calf', '', 'Livestock', 'Cattle', -419.00, 0.00, 0.00, 0.00, 1, '2023-03-05 09:53:08'),
	('721f561f-a95d-11ec-ac57-d8cb8ac0caec', '5391b875-a95d-11ec-ac57-d8cb8ac0caec', 'Black Calf - 90 lb', '', 'Livestock', 'Cattle', -333.00, 0.00, 0.00, 0.00, 1, '2022-03-21 17:25:14'),
	('72fcbf6d-a95f-11ec-ac57-d8cb8ac0caec', '2d6a855a-a95f-11ec-ac57-d8cb8ac0caec', 'Milk Replacer - 3 bgs', '', 'Feed', 'Milk Replacer', -216.00, 0.00, 0.00, 0.00, 1, '2022-03-21 17:39:34'),
	('7326f644-b7cf-11ed-a20d-d8cb8ac0caec', '3a3a2934-b7cf-11ed-a20d-d8cb8ac0caec', '1 40% beef supplement', '', 'Feed', 'Mineral Mix', -25.00, 0.00, 0.00, 0.00, 1, '2023-02-28 20:21:47'),
	('73425504-b7cc-11ed-a20d-d8cb8ac0caec', '53195e65-b7cc-11ed-a20d-d8cb8ac0caec', '1 soy bean meal', '', 'Feed', 'Soybean meal', -29.50, 0.00, 0.00, 0.00, 1, '2023-02-28 20:00:19'),
	('74ecff38-b7d2-11ed-a20d-d8cb8ac0caec', '682e0dce-b7d2-11ed-a20d-d8cb8ac0caec', '2 wood shavings', '', 'Feed', 'Wood Shavings', -14.00, 0.00, 0.00, 0.00, 1, '2023-02-28 20:43:19'),
	('75a1f90c-c28c-11ed-8038-d8cb8ac0caec', '6824cc5d-c28c-11ed-8038-d8cb8ac0caec', 'Gas', '', 'Vehicle', 'Gasoline and oil', -22.25, 0.00, 0.00, 0.00, 1, '2023-03-14 13:19:57'),
	('782013e0-1a11-11ec-9d60-d8cb8ac0caec', '13866f6e-1a11-11ec-9d60-d8cb8ac0caec', 'Soybean meal 2 bgs', '', 'Feed', 'Soybean meal', -52.00, 0.00, 0.00, 0.00, 1, '2021-09-20 08:51:25'),
	('786ec12f-c28e-11ed-8038-d8cb8ac0caec', '673235e8-c28e-11ed-8038-d8cb8ac0caec', 'Gas', '', 'Vehicle', 'Gasoline and oil', -110.55, 0.00, 0.00, 0.00, 1, '2023-03-14 13:34:21'),
	('799b6ce4-c217-11ed-8038-d8cb8ac0caec', '6b41d5a6-c217-11ed-8038-d8cb8ac0caec', 'Gas', '', 'Vehicle', 'Gasoline and oil', -36.15, 0.00, 0.00, 0.00, 1, '2023-03-13 23:22:39'),
	('79b2e2b4-bb63-11ed-a725-d8cb8ac0caec', '5abd275b-bb63-11ed-a725-d8cb8ac0caec', '1 calf starter', '', 'Feed', 'Calf Starter', -27.00, 0.00, 0.00, 0.00, 1, '2023-03-05 09:39:03'),
	('7a09cc1c-a95e-11ec-ac57-d8cb8ac0caec', '6dababaf-a95e-11ec-ac57-d8cb8ac0caec', 'Hay - 36 bales', '', 'Feed', 'Hay', -180.00, 0.00, 0.00, 0.00, 1, '2022-03-21 17:32:37'),
	('7a309023-c086-11ed-a0c9-d8cb8ac0caec', '6e9a75df-c086-11ed-a0c9-d8cb8ac0caec', 'Gas', '', 'Vehicle', 'Gasoline and oil', -50.23, 0.00, 0.00, 0.00, 1, '2023-03-11 22:32:00'),
	('7aa373ad-a95a-11ec-ac57-d8cb8ac0caec', '4216e532-a95a-11ec-ac57-d8cb8ac0caec', 'Beef Supplement - 1 bg', '', 'Feed', 'Mineral Mix', -19.60, 0.00, 0.00, 0.00, 1, '2022-03-21 17:04:00'),
	('7b7da2b1-a8ce-11ec-ac57-d8cb8ac0caec', '4a4b1f54-a8ce-11ec-ac57-d8cb8ac0caec', 'Beef Supplement - 1 bg', '', 'Feed', 'Mineral Mix', -18.00, 0.00, 0.00, 0.00, 1, '2022-03-21 00:21:57'),
	('7c2e39e7-b7ce-11ed-a20d-d8cb8ac0caec', '68e3ff6c-b7ce-11ed-a20d-d8cb8ac0caec', '3 cracked corn', '', 'Feed', 'Cracked Corn', -52.50, 0.00, 0.00, 0.00, 1, '2023-02-28 20:14:53'),
	('7c33b32c-bb67-11ed-a725-d8cb8ac0caec', '6e77879b-bb67-11ed-a725-d8cb8ac0caec', '1 calf starter', '', 'Feed', 'Calf Starter', -27.00, 0.00, 0.00, 0.00, 1, '2023-03-05 10:07:45'),
	('7dcda98f-bb66-11ed-a725-d8cb8ac0caec', '672925de-bb66-11ed-a725-d8cb8ac0caec', '1 soybean meal', '', 'Feed', 'Soybean meal', -27.00, 0.00, 0.00, 0.00, 1, '2023-03-05 10:00:39'),
	('7eae6fdc-a958-11ec-ac57-d8cb8ac0caec', '6d47200b-a958-11ec-ac57-d8cb8ac0caec', 'Black Calf - 675 lb', '', 'Livestock', 'Cattle', 1021.77, 0.00, 0.00, 0.00, 0, '2022-03-21 16:49:47'),
	('7f49958d-a8ca-11ec-ac57-d8cb8ac0caec', '4b5d8657-a8ca-11ec-ac57-d8cb8ac0caec', 'Black Calf - 105 lb', '', 'Livestock', 'Cattle', -388.50, 0.00, 0.00, 0.00, 1, '2022-03-20 23:53:26'),
	('7fbeff47-be27-11ed-a0e4-d8cb8ac0caec', '5d9776d5-be27-11ed-a0e4-d8cb8ac0caec', 'Gas', '', 'Vehicle', 'Gasoline and oil', -49.07, 0.00, 0.00, 0.00, 1, '2023-03-08 22:07:11'),
	('80dbc474-c084-11ed-a0c9-d8cb8ac0caec', '7236e4c3-c084-11ed-a0c9-d8cb8ac0caec', 'Gas', '', 'Vehicle', 'Gasoline and oil', -41.60, 0.00, 0.00, 0.00, 1, '2023-03-11 22:17:52'),
	('81f6a9ec-b7d3-11ed-a20d-d8cb8ac0caec', '7001ad60-b7d3-11ed-a20d-d8cb8ac0caec', '3 straw bales', '', 'Feed', 'Straw', -36.00, 0.00, 0.00, 0.00, 1, '2023-02-28 20:50:50'),
	('82205de8-c211-11ed-8038-d8cb8ac0caec', '73a6a9a0-c211-11ed-8038-d8cb8ac0caec', 'Gas', '', 'Vehicle', 'Gasoline and oil', -40.14, 0.00, 0.00, 0.00, 1, '2023-03-13 22:39:57'),
	('82767ac3-c218-11ed-8038-d8cb8ac0caec', '744d95fc-c218-11ed-8038-d8cb8ac0caec', 'Gas', '', 'Vehicle', 'Gasoline and oil', -119.84, 0.00, 0.00, 0.00, 1, '2023-03-13 23:30:04'),
	('828c9902-b7d0-11ed-a20d-d8cb8ac0caec', '73383b04-b7d0-11ed-a20d-d8cb8ac0caec', '3 cracked corn', '', 'Feed', 'Cracked Corn', -59.00, 0.00, 0.00, 0.00, 1, '2023-02-28 20:29:23'),
	('8414704d-a95d-11ec-ac57-d8cb8ac0caec', '5391b875-a95d-11ec-ac57-d8cb8ac0caec', 'Black Calf - 110 lb', '', 'Livestock', 'Cattle', -396.00, 0.00, 0.00, 0.00, 1, '2022-03-21 17:25:44'),
	('850fd7f9-a8c2-11ec-ac57-d8cb8ac0caec', '491c2740-a8c2-11ec-ac57-d8cb8ac0caec', 'Beef Supplement - 1bg', '', 'Feed', 'Mineral Mix', -21.47, 0.00, 0.00, 0.00, 1, '2022-03-20 22:56:20'),
	('85d976c4-a8cd-11ec-ac57-d8cb8ac0caec', '7a266a10-a8cd-11ec-ac57-d8cb8ac0caec', 'Beef Supplement', '', 'Feed', 'Mineral Mix', -98.00, 0.00, 0.00, 0.00, 1, '2022-03-21 00:15:05'),
	('867d2edc-a957-11ec-ac57-d8cb8ac0caec', '6e85c84d-a957-11ec-ac57-d8cb8ac0caec', 'Soy and Corn Mix - 1 tone', '', 'Feed', 'Feed Mix', -548.05, 0.00, 0.00, 0.00, 1, '2022-03-21 16:42:51'),
	('86c285e6-c28d-11ed-8038-d8cb8ac0caec', '6fb15e5a-c28d-11ed-8038-d8cb8ac0caec', 'Gas', '', 'Vehicle', 'Gasoline and oil', -126.38, 0.00, 0.00, 0.00, 1, '2023-03-14 13:27:35'),
	('870ee63e-b7d2-11ed-a20d-d8cb8ac0caec', '682e0dce-b7d2-11ed-a20d-d8cb8ac0caec', '100 hay bales', '', 'Feed', 'Hay', -500.00, 0.00, 0.00, 0.00, 1, '2023-02-28 20:43:49'),
	('878217f2-c28f-11ed-8038-d8cb8ac0caec', '7b72d9da-c28f-11ed-8038-d8cb8ac0caec', 'Gas', '', 'Vehicle', 'Gasoline and oil', -126.82, 0.00, 0.00, 0.00, 1, '2023-03-14 13:41:55'),
	('87852634-be23-11ed-a0e4-d8cb8ac0caec', '74929f5f-be23-11ed-a0e4-d8cb8ac0caec', 'Gas', '', 'Vehicle', 'Gasoline and oil', -73.89, 0.00, 0.00, 0.00, 1, '2023-03-08 21:38:47'),
	('89043ee6-c212-11ed-8038-d8cb8ac0caec', '79a10d55-c212-11ed-8038-d8cb8ac0caec', 'Gas', '', 'Vehicle', 'Gasoline and oil', -35.05, 0.00, 0.00, 0.00, 1, '2023-03-13 22:47:18'),
	('89156511-a8ce-11ec-ac57-d8cb8ac0caec', '4a4b1f54-a8ce-11ec-ac57-d8cb8ac0caec', 'Hay - 60 bales', '', 'Feed', 'Hay', -300.00, 0.00, 0.00, 0.00, 1, '2022-03-21 00:22:20'),
	('897e5b3f-a95a-11ec-ac57-d8cb8ac0caec', '4216e532-a95a-11ec-ac57-d8cb8ac0caec', 'Straw - 3 bales', '', 'Feed', 'Straw', -12.00, 0.00, 0.00, 0.00, 1, '2022-03-21 17:04:25'),
	('89936657-c082-11ed-a0c9-d8cb8ac0caec', '775068bb-c082-11ed-a0c9-d8cb8ac0caec', 'Gas', '', 'Vehicle', 'Gasoline and oil', -130.18, 0.00, 0.00, 0.00, 1, '2023-03-11 22:03:48'),
	('899de80f-be22-11ed-a0e4-d8cb8ac0caec', '7978f7d3-be22-11ed-a0e4-d8cb8ac0caec', 'Gas', '', 'Vehicle', 'Gasoline and oil', -148.67, 0.00, 0.00, 0.00, 1, '2023-03-08 21:31:41'),
	('8a2c4357-b7d4-11ed-a20d-d8cb8ac0caec', '7c9b9cdf-b7d4-11ed-a20d-d8cb8ac0caec', '2 wood shavings', '', 'Feed', 'Wood Shavings', -24.00, 0.00, 0.00, 0.00, 1, '2023-02-28 20:58:14'),
	('8a7eaf1a-bb83-11ed-a725-d8cb8ac0caec', 'a51c472b-bb7e-11ed-a725-d8cb8ac0caec', '530 lb black calf', '', 'Livestock', 'Cattle', 980.00, 0.00, 0.00, 0.00, 0, '2023-03-05 13:28:35'),
	('8acc0562-bb63-11ed-a725-d8cb8ac0caec', '5abd275b-bb63-11ed-a725-d8cb8ac0caec', '1 40% beef supplement', '', 'Feed', 'Mineral Mix', -25.00, 0.00, 0.00, 0.00, 1, '2023-03-05 09:39:32'),
	('8afe1d24-be1f-11ed-a0e4-d8cb8ac0caec', '7bde787f-be1f-11ed-a0e4-d8cb8ac0caec', 'Gas', '', 'Vehicle', 'Gasoline and oil', -40.42, 0.00, 0.00, 0.00, 1, '2023-03-08 21:10:14'),
	('8b2354a2-a959-11ec-ac57-d8cb8ac0caec', '723b280e-a959-11ec-ac57-d8cb8ac0caec', 'Black Calf - 105 lb', '', 'Livestock', 'Cattle', -367.50, 0.00, 0.00, 0.00, 1, '2022-03-21 16:57:18'),
	('8b2710f2-a8c4-11ec-ac57-d8cb8ac0caec', '609843e2-a8c4-11ec-ac57-d8cb8ac0caec', 'Soy and Corn Mix - 1 tone', '', 'Feed', 'Feed Mix', -566.00, 0.00, 0.00, 0.00, 1, '2022-03-20 23:10:49'),
	('8b333bcd-c20f-11ed-8038-d8cb8ac0caec', '744e9446-c20f-11ed-8038-d8cb8ac0caec', 'Gas', '', 'Vehicle', 'Gasoline and oil', -95.68, 0.00, 0.00, 0.00, 1, '2023-03-13 22:25:53'),
	('8b40665d-b7ce-11ed-a20d-d8cb8ac0caec', '68e3ff6c-b7ce-11ed-a20d-d8cb8ac0caec', '1 soybean meal', '', 'Feed', 'Soybean meal', -29.50, 0.00, 0.00, 0.00, 1, '2023-02-28 20:15:18'),
	('8be803af-bb67-11ed-a725-d8cb8ac0caec', '6e77879b-bb67-11ed-a725-d8cb8ac0caec', '12 ft replacement gate', '', 'Farm', 'Maintenance', -266.50, 0.00, 0.00, 0.00, 1, '2023-03-05 10:08:12'),
	('8d0814e6-c210-11ed-8038-d8cb8ac0caec', '77a0e971-c210-11ed-8038-d8cb8ac0caec', 'Gas', '', 'Vehicle', 'Gasoline and oil', -40.03, 0.00, 0.00, 0.00, 1, '2023-03-13 22:33:05'),
	('8d975163-c213-11ed-8038-d8cb8ac0caec', '7fd059bd-c213-11ed-8038-d8cb8ac0caec', 'Gas', '', 'Vehicle', 'Gasoline and oil', -32.19, 0.00, 0.00, 0.00, 1, '2023-03-13 22:54:35'),
	('8d98d35b-c087-11ed-a0c9-d8cb8ac0caec', '81dcf167-c087-11ed-a0c9-d8cb8ac0caec', 'Gas', '', 'Vehicle', 'Gasoline and oil', -35.41, 0.00, 0.00, 0.00, 1, '2023-03-11 22:39:42'),
	('8fc007da-a7f0-11ec-ac57-d8cb8ac0caec', '7c7b5d56-a7f0-11ec-ac57-d8cb8ac0caec', 'Cracked Corn - 2bgs', '', 'Feed', 'Cracked Corn', -34.00, 0.00, 0.00, 0.00, 1, '2022-03-19 21:53:32'),
	('8fd012a8-bb66-11ed-a725-d8cb8ac0caec', '672925de-bb66-11ed-a725-d8cb8ac0caec', '1 cracked corn', '', 'Feed', 'Cracked Corn', -15.50, 0.00, 0.00, 0.00, 1, '2023-03-05 10:01:09'),
	('9176a08d-c216-11ed-8038-d8cb8ac0caec', '815dfc69-c216-11ed-8038-d8cb8ac0caec', 'Gas', '', 'Vehicle', 'Gasoline and oil', -30.29, 0.00, 0.00, 0.00, 1, '2023-03-13 23:16:10'),
	('9214a972-b7cd-11ed-a20d-d8cb8ac0caec', '835eca99-b7cd-11ed-a20d-d8cb8ac0caec', '3 cracked corn', '', 'Feed', 'Cracked Corn', -55.20, 0.00, 0.00, 0.00, 1, '2023-02-28 20:08:20'),
	('947708e1-bb64-11ed-a725-d8cb8ac0caec', '8653fafb-bb64-11ed-a725-d8cb8ac0caec', '60 fence posts', '', 'Farm', 'Maintenance', -810.00, 0.00, 0.00, 0.00, 1, '2023-03-05 09:46:58'),
	('94b89759-b7cb-11ed-a20d-d8cb8ac0caec', '80840c2e-b7cb-11ed-a20d-d8cb8ac0caec', '3 cracked corn', '', 'Feed', 'Cracked Corn', -55.20, 0.00, 0.00, 0.00, 1, '2023-02-28 19:54:06'),
	('960b7f11-c083-11ed-a0c9-d8cb8ac0caec', '8aa61b7e-c083-11ed-a0c9-d8cb8ac0caec', 'Gas', '', 'Vehicle', 'Gasoline and oil', -25.00, 0.00, 0.00, 0.00, 1, '2023-03-11 22:11:19'),
	('96aed8df-c28c-11ed-8038-d8cb8ac0caec', '87868600-c28c-11ed-8038-d8cb8ac0caec', 'Gas', '', 'Vehicle', 'Gasoline and oil', -138.63, 0.00, 0.00, 0.00, 1, '2023-03-14 13:20:52'),
	('98b3cd50-bb67-11ed-a725-d8cb8ac0caec', '6e77879b-bb67-11ed-a725-d8cb8ac0caec', '2 gate hinges', '', 'Farm', 'Maintenance', -21.00, 0.00, 0.00, 0.00, 1, '2023-03-05 10:08:33'),
	('99097b9c-a957-11ec-ac57-d8cb8ac0caec', '6e85c84d-a957-11ec-ac57-d8cb8ac0caec', 'Salt', '', 'Feed', 'Salt', -9.24, 0.00, 0.00, 0.00, 1, '2022-03-21 16:43:22'),
	('993fd49b-b7d0-11ed-a20d-d8cb8ac0caec', '73383b04-b7d0-11ed-a20d-d8cb8ac0caec', '2 soybean meal', '', 'Feed', 'Soybean meal', -55.50, 0.00, 0.00, 0.00, 1, '2023-02-28 20:30:01'),
	('9a2500ca-a959-11ec-ac57-d8cb8ac0caec', '723b280e-a959-11ec-ac57-d8cb8ac0caec', 'Black Calf - 100 lb', '', 'Livestock', 'Cattle', -340.00, 0.00, 0.00, 0.00, 1, '2022-03-21 16:57:43'),
	('9a325003-b7cc-11ed-a20d-d8cb8ac0caec', '873f82b8-b7cc-11ed-a20d-d8cb8ac0caec', '3 cracked corn', '', 'Feed', 'Cracked Corn', -55.20, 0.00, 0.00, 0.00, 1, '2023-02-28 20:01:24'),
	('9a60623c-a7ed-11ec-ac57-d8cb8ac0caec', '2af1ceb6-a7ed-11ec-ac57-d8cb8ac0caec', 'Cracked Corn - 5bg', '', 'Feed', 'Cracked Corn', -77.50, 0.00, 0.00, 0.00, 1, '2022-03-19 21:32:22'),
	('9a93bc60-a8c3-11ec-ac57-d8cb8ac0caec', '83da07a6-a8c3-11ec-ac57-d8cb8ac0caec', 'Soy and Corn Mix - 1 tone', '', 'Feed', 'Feed Mix', -606.90, 0.00, 0.00, 0.00, 1, '2022-03-20 23:04:05'),
	('9c429f0d-a8c5-11ec-ac57-d8cb8ac0caec', '7d8a7933-a8c5-11ec-ac57-d8cb8ac0caec', 'Calf Starter - 1bg', '', 'Feed', 'Calf Starter', -22.50, 0.00, 0.00, 0.00, 1, '2022-03-20 23:18:27'),
	('9da8d5ac-c217-11ed-8038-d8cb8ac0caec', '8d4f3219-c217-11ed-8038-d8cb8ac0caec', 'Gas', '', 'Vehicle', 'Gasoline and oil', -33.81, 0.00, 0.00, 0.00, 1, '2023-03-13 23:23:40'),
	('9e87d5ef-a8c7-11ec-ac57-d8cb8ac0caec', '852c2393-a8c7-11ec-ac57-d8cb8ac0caec', 'Cracked Corn - 1 bg', '', 'Feed', 'Cracked Corn', -21.00, 0.00, 0.00, 0.00, 1, '2022-03-20 23:32:50'),
	('9fd9873d-a95e-11ec-ac57-d8cb8ac0caec', '920f7e7a-a95e-11ec-ac57-d8cb8ac0caec', 'Beef Supplement - 5 bgs', '', 'Feed', 'Mineral Mix', -98.00, 0.00, 0.00, 0.00, 1, '2022-03-21 17:33:40'),
	('a090deb8-bb66-11ed-a725-d8cb8ac0caec', '672925de-bb66-11ed-a725-d8cb8ac0caec', '6 hay bales', '', 'Feed', 'Hay', -30.00, 0.00, 0.00, 0.00, 1, '2023-03-05 10:01:37'),
	('a149d193-a95d-11ec-ac57-d8cb8ac0caec', '5391b875-a95d-11ec-ac57-d8cb8ac0caec', 'Black Calf - 130 lb', '', 'Livestock', 'Cattle', -442.00, 0.00, 0.00, 0.00, 1, '2022-03-21 17:26:33'),
	('a1ac704a-a8c6-11ec-ac57-d8cb8ac0caec', '86e5e6bf-a8c6-11ec-ac57-d8cb8ac0caec', 'Straw - 3 bales', '', 'Feed', 'Straw', -35.25, 0.00, 0.00, 0.00, 1, '2022-03-20 23:25:46'),
	('a202525a-b7cd-11ed-a20d-d8cb8ac0caec', '835eca99-b7cd-11ed-a20d-d8cb8ac0caec', '1 soybean meal', '', 'Feed', 'Soybean meal', -29.50, 0.00, 0.00, 0.00, 1, '2023-02-28 20:08:47'),
	('a2873fe3-c28e-11ed-8038-d8cb8ac0caec', '888cad4e-c28e-11ed-8038-d8cb8ac0caec', 'Gas', '', 'Vehicle', 'Gasoline and oil', -102.94, 0.00, 0.00, 0.00, 1, '2023-03-14 13:35:31'),
	('a2f620af-c218-11ed-8038-d8cb8ac0caec', '93e9622c-c218-11ed-8038-d8cb8ac0caec', 'Gas', '', 'Vehicle', 'Gasoline and oil', -103.40, 0.00, 0.00, 0.00, 1, '2023-03-13 23:30:58'),
	('a3400c67-a95f-11ec-ac57-d8cb8ac0caec', '9470bd6d-a95f-11ec-ac57-d8cb8ac0caec', 'Cracked Corn - 8 bgs', '', 'Feed', 'Cracked Corn', -124.00, 0.00, 0.00, 0.00, 1, '2022-03-21 17:40:55'),
	('a3535f3a-a7f0-11ec-ac57-d8cb8ac0caec', '7c7b5d56-a7f0-11ec-ac57-d8cb8ac0caec', 'Beef Supplement - 3bgs', '', 'Feed', 'Mineral Mix', -58.80, 0.00, 0.00, 0.00, 1, '2022-03-19 21:54:05'),
	('a3d9e85e-bb64-11ed-a725-d8cb8ac0caec', '8653fafb-bb64-11ed-a725-d8cb8ac0caec', '1 calf starter', '', 'Feed', 'Calf Starter', -26.00, 0.00, 0.00, 0.00, 1, '2023-03-05 09:47:23'),
	('a4c023b1-c081-11ed-a0c9-d8cb8ac0caec', '6f0a30d0-c081-11ed-a0c9-d8cb8ac0caec', 'diesel', '', 'Equipment', 'Gasoline and diesel fuel', -36.08, 0.00, 0.00, 0.00, 1, '2023-03-11 21:57:24'),
	('a4f7a712-a7e3-11ec-ac57-d8cb8ac0caec', '8d949ed7-a7e3-11ec-ac57-d8cb8ac0caec', 'Cracked Corn - 2bg', '', 'Feed', 'Cracked Corn', -31.00, 0.00, 0.00, 0.00, 1, '2022-03-19 20:21:05'),
	('a760b513-b7cf-11ed-a20d-d8cb8ac0caec', '99b48eae-b7cf-11ed-a20d-d8cb8ac0caec', '4 cracked corns', '', 'Feed', 'Cracked Corn', -74.00, 0.00, 0.00, 0.00, 1, '2023-02-28 20:23:15'),
	('a7771f02-b7cb-11ed-a20d-d8cb8ac0caec', '80840c2e-b7cb-11ed-a20d-d8cb8ac0caec', '1 soy bean meal', '', 'Feed', 'Soybean meal', -29.50, 0.00, 0.00, 0.00, 1, '2023-02-28 19:54:37'),
	('aaaa6b95-c084-11ed-a0c9-d8cb8ac0caec', '97b008b3-c084-11ed-a0c9-d8cb8ac0caec', 'Gas', '', 'Vehicle', 'Gasoline and oil', -60.42, 0.00, 0.00, 0.00, 1, '2023-03-11 22:19:03'),
	('aae9f60d-c28d-11ed-8038-d8cb8ac0caec', '9e22a70f-c28d-11ed-8038-d8cb8ac0caec', 'Gas', '', 'Vehicle', 'Gasoline and oil', -140.38, 0.00, 0.00, 0.00, 1, '2023-03-14 13:28:36'),
	('abadd6e9-be23-11ed-a0e4-d8cb8ac0caec', '9eeffbcc-be23-11ed-a0e4-d8cb8ac0caec', 'Gas', '', 'Vehicle', 'Gasoline and oil', -140.36, 0.00, 0.00, 0.00, 1, '2023-03-08 21:39:47'),
	('acf04338-b7cc-11ed-a20d-d8cb8ac0caec', '873f82b8-b7cc-11ed-a20d-d8cb8ac0caec', '1 soy bean meal', '', 'Feed', 'Soybean meal', -29.50, 0.00, 0.00, 0.00, 1, '2023-02-28 20:01:56'),
	('acfc3237-a95c-11ec-ac57-d8cb8ac0caec', '9c47eefc-a95c-11ec-ac57-d8cb8ac0caec', 'Black Calf - 185 lb', '', 'Livestock', 'Cattle', -564.25, 0.00, 0.00, 0.00, 1, '2022-03-21 17:19:43'),
	('ad0fc061-be1a-11ed-a0e4-d8cb8ac0caec', '6c8b9219-be1a-11ed-a0e4-d8cb8ac0caec', 'Engine Coolant Liquid', '', 'Vehicle', 'Repairs and Maintenance', -18.00, 0.00, 0.00, 0.00, 1, '2023-03-08 20:35:24'),
	('ad6de632-1a10-11ec-9d60-d8cb8ac0caec', '7b1bb52c-1a10-11ec-9d60-d8cb8ac0caec', '2 Steers and 2 Heifers. Average weight 614 lb', '', 'Livestock', 'Cattle', 3882.24, 0.00, 0.00, 0.00, 0, '2021-09-20 08:45:45'),
	('afe6a32b-a958-11ec-ac57-d8cb8ac0caec', 'a23361fc-a958-11ec-ac57-d8cb8ac0caec', 'Milk Replacer - 3 bgs', '', 'Feed', 'Milk Replacer', -219.00, 0.00, 0.00, 0.00, 1, '2022-03-21 16:51:10'),
	('b01d7f9c-a8cd-11ec-ac57-d8cb8ac0caec', 'a09f1e4c-a8cd-11ec-ac57-d8cb8ac0caec', 'Straw - 2 bales', '', 'Feed', 'Straw', -23.50, 0.00, 0.00, 0.00, 1, '2022-03-21 00:16:16'),
	('b08883d7-c212-11ed-8038-d8cb8ac0caec', '9c8eb4fa-c212-11ed-8038-d8cb8ac0caec', 'Gas', '', 'Vehicle', 'Gasoline and oil', -40.32, 0.00, 0.00, 0.00, 1, '2023-03-13 22:48:24'),
	('b201f647-b7d1-11ed-a20d-d8cb8ac0caec', 'a5b8347f-b7d1-11ed-a20d-d8cb8ac0caec', '1 40% beef supplement', '', 'Feed', 'Mineral Mix', -25.00, 0.00, 0.00, 0.00, 1, '2023-02-28 20:37:52'),
	('b2a3b3d6-a8c8-11ec-ac57-d8cb8ac0caec', '3d0563cf-a8c8-11ec-ac57-d8cb8ac0caec', 'Calves - 4 heads', '', 'Livestock', 'Cattle', 1236.54, 0.00, 0.00, 0.00, 0, '2022-03-20 23:40:33'),
	('b2ee7184-b7d4-11ed-a20d-d8cb8ac0caec', 'a268bbd7-b7d4-11ed-a20d-d8cb8ac0caec', '1 straw bale', '', 'Feed', 'Straw', -12.00, 0.00, 0.00, 0.00, 1, '2023-02-28 20:59:22'),
	('b343e137-bb64-11ed-a725-d8cb8ac0caec', '8653fafb-bb64-11ed-a725-d8cb8ac0caec', '1 milk replacer', '', 'Feed', 'Milk Replacer', -96.00, 0.00, 0.00, 0.00, 1, '2023-03-05 09:47:49'),
	('b3bc8aa9-b7cd-11ed-a20d-d8cb8ac0caec', '835eca99-b7cd-11ed-a20d-d8cb8ac0caec', '2 straw bales', '', 'Feed', 'Straw', -10.00, 0.00, 0.00, 0.00, 1, '2023-02-28 20:09:17'),
	('b46a94f2-1a11-11ec-9d60-d8cb8ac0caec', '13866f6e-1a11-11ec-9d60-d8cb8ac0caec', '40% Beef Supplement - 1bg ', '', 'Feed', 'Mineral Mix', -18.00, 0.00, 0.00, 0.00, 1, '2021-09-20 08:53:06'),
	('b5146a7f-b7d3-11ed-a20d-d8cb8ac0caec', 'a426b45f-b7d3-11ed-a20d-d8cb8ac0caec', '2 cracked corn', '', 'Feed', 'Cracked Corn', -47.70, 0.00, 0.00, 0.00, 1, '2023-02-28 20:52:16'),
	('b58fbda9-a95f-11ec-ac57-d8cb8ac0caec', '9470bd6d-a95f-11ec-ac57-d8cb8ac0caec', 'Soybean Meal - 2 bgs', '', 'Feed', 'Soybean meal', -52.00, 0.00, 0.00, 0.00, 1, '2022-03-21 17:41:26'),
	('b6aeb467-b7cf-11ed-a20d-d8cb8ac0caec', '99b48eae-b7cf-11ed-a20d-d8cb8ac0caec', '2 soybean meals', '', 'Feed', 'Soybean meal', -57.00, 0.00, 0.00, 0.00, 1, '2023-02-28 20:23:41'),
	('b8f195cc-a95d-11ec-ac57-d8cb8ac0caec', '5391b875-a95d-11ec-ac57-d8cb8ac0caec', 'Black Calf - 95 lb', '', 'Livestock', 'Cattle', -332.50, 0.00, 0.00, 0.00, 1, '2022-03-21 17:27:13'),
	('b953f6f1-bb63-11ed-a725-d8cb8ac0caec', 'a4d0d09a-bb63-11ed-a725-d8cb8ac0caec', '1 40% beef supplement', '', 'Feed', 'Mineral Mix', -25.00, 0.00, 0.00, 0.00, 1, '2023-03-05 09:40:50'),
	('b987c8e7-c211-11ed-8038-d8cb8ac0caec', '98a0f7b4-c211-11ed-8038-d8cb8ac0caec', 'Gas', '', 'Vehicle', 'Gasoline and oil', -96.07, 0.00, 0.00, 0.00, 1, '2023-03-13 22:41:30'),
	('bafd9a98-a7ef-11ec-ac57-d8cb8ac0caec', '9f526005-a7ef-11ec-ac57-d8cb8ac0caec', 'Beef Supplement - 1bg', '', 'Feed', 'Mineral Mix', -19.60, 0.00, 0.00, 0.00, 1, '2022-03-19 21:47:36'),
	('bafffbd6-c210-11ed-8038-d8cb8ac0caec', 'a525e08f-c210-11ed-8038-d8cb8ac0caec', 'Gas', '', 'Vehicle', 'Gasoline and oil', -20.01, 0.00, 0.00, 0.00, 1, '2023-03-13 22:34:23'),
	('bbb11d79-c217-11ed-8038-d8cb8ac0caec', 'af64037a-c217-11ed-8038-d8cb8ac0caec', 'Gas', '', 'Vehicle', 'Gasoline and oil', -60.02, 0.00, 0.00, 0.00, 1, '2023-03-13 23:24:30'),
	('bd943db3-a7e3-11ec-ac57-d8cb8ac0caec', '8d949ed7-a7e3-11ec-ac57-d8cb8ac0caec', 'Soybean Meal - 1bg', '', 'Feed', 'Soybean meal', -22.00, 0.00, 0.00, 0.00, 1, '2022-03-19 20:21:46'),
	('bdb27136-a95c-11ec-ac57-d8cb8ac0caec', '9c47eefc-a95c-11ec-ac57-d8cb8ac0caec', 'Black Calf - 255 lb', '', 'Livestock', 'Cattle', -484.50, 0.00, 0.00, 0.00, 1, '2022-03-21 17:20:11'),
	('bde4a5ba-a7e4-11ec-ac57-d8cb8ac0caec', 'a9959d2e-a7e4-11ec-ac57-d8cb8ac0caec', 'Straw - 2 bales', '', 'Feed', 'Straw', -23.50, 0.00, 0.00, 0.00, 1, '2022-03-19 20:28:56'),
	('be9a771d-c28e-11ed-8038-d8cb8ac0caec', 'b15be70c-c28e-11ed-8038-d8cb8ac0caec', 'Gas', '', 'Vehicle', 'Gasoline and oil', -125.20, 0.00, 0.00, 0.00, 1, '2023-03-14 13:36:18'),
	('becbc509-c083-11ed-a0c9-d8cb8ac0caec', 'a9927d45-c083-11ed-a0c9-d8cb8ac0caec', 'Gas', '', 'Vehicle', 'Gasoline and oil', -70.18, 0.00, 0.00, 0.00, 1, '2023-03-11 22:12:27'),
	('bf8431a5-c20f-11ed-8038-d8cb8ac0caec', 'a6a8b61d-c20f-11ed-8038-d8cb8ac0caec', 'Gas', '', 'Vehicle', 'Gasoline and oil', -112.85, 0.00, 0.00, 0.00, 1, '2023-03-13 22:27:21'),
	('bfbba599-be1a-11ed-a0e4-d8cb8ac0caec', '6c8b9219-be1a-11ed-a0e4-d8cb8ac0caec', 'Gear Lubricant', '', 'Vehicle', 'Repairs and Maintenance', -50.00, 0.00, 0.00, 0.00, 1, '2023-03-08 20:35:55'),
	('bfe2d6e8-a957-11ec-ac57-d8cb8ac0caec', 'b2177d4c-a957-11ec-ac57-d8cb8ac0caec', 'Cracked Corn - 2 bgs', '', 'Feed', 'Cracked Corn', -32.00, 0.00, 0.00, 0.00, 1, '2022-03-21 16:44:27'),
	('c05bd9d4-a959-11ec-ac57-d8cb8ac0caec', 'b052e4ba-a959-11ec-ac57-d8cb8ac0caec', 'Black Calf - 115 lb', '', 'Livestock', 'Cattle', -264.50, 0.00, 0.00, 0.00, 1, '2022-03-21 16:58:47'),
	('c1a34f61-b7ca-11ed-a20d-d8cb8ac0caec', 'ac126da2-b7ca-11ed-a20d-d8cb8ac0caec', '5 angus and 1 charolais steers', '', 'Livestock', 'Cattle', 4180.06, 0.00, 0.00, 0.00, 0, '2023-02-28 19:48:12'),
	('c2045363-a95e-11ec-ac57-d8cb8ac0caec', 'b3759a5c-a95e-11ec-ac57-d8cb8ac0caec', 'Hay - 3 bales', '', 'Feed', 'Hay', -33.00, 0.00, 0.00, 0.00, 1, '2022-03-21 17:34:37'),
	('c22eb24d-b7cb-11ed-a20d-d8cb8ac0caec', '80840c2e-b7cb-11ed-a20d-d8cb8ac0caec', '40% dairy supplement', '', 'Feed', 'Mineral Mix', -25.00, 0.00, 0.00, 0.00, 1, '2023-02-28 19:55:22'),
	('c2ba5799-be13-11ed-a0e4-d8cb8ac0caec', '04846a8d-be13-11ed-a0e4-d8cb8ac0caec', 'Air flow cleaner', '', 'Vehicle', 'Repairs and Maintenance', -16.67, 0.00, 0.00, 0.00, 1, '2023-03-08 19:45:54'),
	('c2da1002-c218-11ed-8038-d8cb8ac0caec', 'b35f909f-c218-11ed-8038-d8cb8ac0caec', 'Gas', '', 'Vehicle', 'Gasoline and oil', -17.25, 0.00, 0.00, 0.00, 1, '2023-03-13 23:31:52'),
	('c4139459-c28b-11ed-8038-d8cb8ac0caec', 'bad3281c-c28b-11ed-8038-d8cb8ac0caec', 'Gas', '', 'Vehicle', 'Gasoline and oil', -30.00, 0.00, 0.00, 0.00, 1, '2023-03-14 13:14:59'),
	('c448d85c-be26-11ed-a0e4-d8cb8ac0caec', 'b626a1e1-be26-11ed-a0e4-d8cb8ac0caec', 'Gas', '', 'Vehicle', 'Gasoline and oil', -126.19, 0.00, 0.00, 0.00, 1, '2023-03-08 22:01:57'),
	('c4f75c8c-a95f-11ec-ac57-d8cb8ac0caec', '9470bd6d-a95f-11ec-ac57-d8cb8ac0caec', 'Beef Supplement - 1 bg', '', 'Feed', 'Mineral Mix', -18.00, 0.00, 0.00, 0.00, 1, '2022-03-21 17:41:52'),
	('c5a51be7-be27-11ed-a0e4-d8cb8ac0caec', 'a4510fc5-be27-11ed-a0e4-d8cb8ac0caec', 'Gas', '', 'Vehicle', 'Gasoline and oil', -98.64, 0.00, 0.00, 0.00, 1, '2023-03-08 22:09:09'),
	('c680015c-bb63-11ed-a725-d8cb8ac0caec', 'a4d0d09a-bb63-11ed-a725-d8cb8ac0caec', '1 bag salt', '', 'Feed', 'Salt', -9.00, 0.00, 0.00, 0.00, 1, '2023-03-05 09:41:12'),
	('c6830aab-c216-11ed-8038-d8cb8ac0caec', 'baf25683-c216-11ed-8038-d8cb8ac0caec', 'Gas', '', 'Vehicle', 'Gasoline and oil', -50.70, 0.00, 0.00, 0.00, 1, '2023-03-13 23:17:39'),
	('c6ddff7e-a958-11ec-ac57-d8cb8ac0caec', 'a23361fc-a958-11ec-ac57-d8cb8ac0caec', 'Beef Supplement - 1 bg', '', 'Feed', 'Mineral Mix', -19.60, 0.00, 0.00, 0.00, 1, '2022-03-21 16:51:49'),
	('c8cf21d8-c28d-11ed-8038-d8cb8ac0caec', 'bcbf01f6-c28d-11ed-8038-d8cb8ac0caec', 'Gas', '', 'Vehicle', 'Gasoline and oil', -40.30, 0.00, 0.00, 0.00, 1, '2023-03-14 13:29:26'),
	('c9ab4a5a-b7cc-11ed-a20d-d8cb8ac0caec', '873f82b8-b7cc-11ed-a20d-d8cb8ac0caec', '1 beef supplement', '', 'Feed', 'Mineral Mix', -26.00, 0.00, 0.00, 0.00, 1, '2023-02-28 20:02:44'),
	('ca69706b-be23-11ed-a0e4-d8cb8ac0caec', 'bd74ccf4-be23-11ed-a0e4-d8cb8ac0caec', 'Gas', '', 'Vehicle', 'Gasoline and oil', -131.02, 0.00, 0.00, 0.00, 1, '2023-03-08 21:40:39'),
	('ca6c51c4-a95d-11ec-ac57-d8cb8ac0caec', '5391b875-a95d-11ec-ac57-d8cb8ac0caec', 'Black Calf - 135 lb', '', 'Livestock', 'Cattle', -513.00, 0.00, 0.00, 0.00, 1, '2022-03-21 17:27:42'),
	('caf54cc0-b7cf-11ed-a20d-d8cb8ac0caec', '99b48eae-b7cf-11ed-a20d-d8cb8ac0caec', '1 40% beef supplement', '', 'Feed', 'Mineral Mix', -25.00, 0.00, 0.00, 0.00, 1, '2023-02-28 20:24:15'),
	('cbf56002-a7ee-11ec-ac57-d8cb8ac0caec', 'b405c0cd-a7ee-11ec-ac57-d8cb8ac0caec', 'Milk Replacer - 3bgs', '', 'Feed', 'Milk Replacer', -216.00, 0.00, 0.00, 0.00, 1, '2022-03-19 21:40:54'),
	('ccd22873-a8c7-11ec-ac57-d8cb8ac0caec', 'bc107127-a8c7-11ec-ac57-d8cb8ac0caec', 'SoyBean Meal - 3 bgs', '', 'Feed', 'Soybean meal', -66.00, 0.00, 0.00, 0.00, 1, '2022-03-20 23:34:07'),
	('cce47276-a8c4-11ec-ac57-d8cb8ac0caec', 'b3898a8c-a8c4-11ec-ac57-d8cb8ac0caec', ' Soy and Corn Mix - 1 tone', '', 'Feed', 'Feed Mix', -559.35, 0.00, 0.00, 0.00, 1, '2022-03-20 23:12:39'),
	('cd57bfaf-c28c-11ed-8038-d8cb8ac0caec', 'a8b255f1-c28c-11ed-8038-d8cb8ac0caec', 'Gas', '', 'Vehicle', 'Gasoline and oil', -20.00, 0.00, 0.00, 0.00, 1, '2023-03-14 13:22:24'),
	('d00e04e6-a8cc-11ec-ac57-d8cb8ac0caec', 'be0943a9-a8cc-11ec-ac57-d8cb8ac0caec', 'Beef Supplement - 1 bg', '', 'Feed', 'Mineral Mix', -26.99, 0.00, 0.00, 0.00, 1, '2022-03-21 00:10:00'),
	('d03d00df-c085-11ed-a0c9-d8cb8ac0caec', 'c4ef6765-c085-11ed-a0c9-d8cb8ac0caec', 'Gas', '', 'Vehicle', 'Gasoline and oil', -133.31, 0.00, 0.00, 0.00, 1, '2023-03-11 22:27:15'),
	('d07160bc-c081-11ed-a0c9-d8cb8ac0caec', 'c06cab1a-c081-11ed-a0c9-d8cb8ac0caec', 'Gas', '', 'Vehicle', 'Gasoline and oil', -116.72, 0.00, 0.00, 0.00, 1, '2023-03-11 21:58:37'),
	('d087fcf7-a959-11ec-ac57-d8cb8ac0caec', 'b052e4ba-a959-11ec-ac57-d8cb8ac0caec', 'Black Calf - 100 lb', '', 'Livestock', 'Cattle', -270.00, 0.00, 0.00, 0.00, 1, '2022-03-21 16:59:14'),
	('d1a47eed-bb64-11ed-a725-d8cb8ac0caec', 'c5afc87f-bb64-11ed-a725-d8cb8ac0caec', '1 milk replacer', '', 'Feed', 'Milk Replacer', -96.00, 0.00, 0.00, 0.00, 1, '2023-03-05 09:48:40'),
	('d1a5f12b-a95c-11ec-ac57-d8cb8ac0caec', '9c47eefc-a95c-11ec-ac57-d8cb8ac0caec', 'Black Calf - 95 lb', '', 'Livestock', 'Cattle', -351.50, 0.00, 0.00, 0.00, 1, '2022-03-21 17:20:45'),
	('d22fcbe3-a8c6-11ec-ac57-d8cb8ac0caec', 'bc3827b2-a8c6-11ec-ac57-d8cb8ac0caec', 'Straw - 3 bales', '', 'Feed', 'Straw', -35.25, 0.00, 0.00, 0.00, 1, '2022-03-20 23:27:07'),
	('d23e2a68-a8c5-11ec-ac57-d8cb8ac0caec', 'b9f05c00-a8c5-11ec-ac57-d8cb8ac0caec', 'Milk Replacer - 2bgs', '', 'Feed', 'Milk Replacer', -180.00, 0.00, 0.00, 0.00, 1, '2022-03-20 23:19:58'),
	('d35a663f-c214-11ed-8038-d8cb8ac0caec', 'c309a413-c214-11ed-8038-d8cb8ac0caec', 'Gas', '', 'Vehicle', 'Gasoline and oil', -130.07, 0.00, 0.00, 0.00, 1, '2023-03-13 23:03:41'),
	('d657eb72-a958-11ec-ac57-d8cb8ac0caec', 'a23361fc-a958-11ec-ac57-d8cb8ac0caec', 'Calf Starter - 2 bgs', '', 'Feed', 'Calf Starter', -45.00, 0.00, 0.00, 0.00, 1, '2022-03-21 16:52:14'),
	('d856f454-a8ce-11ec-ac57-d8cb8ac0caec', 'a2a91f84-a8ce-11ec-ac57-d8cb8ac0caec', 'Black Calf - 2 heads ', '', 'Livestock', 'Cattle', 1556.85, 0.00, 0.00, 0.00, 0, '2022-03-21 00:24:33'),
	('d8d0089c-c28e-11ed-8038-d8cb8ac0caec', 'cea22200-c28e-11ed-8038-d8cb8ac0caec', 'Gas', '', 'Vehicle', 'Gasoline and oil', -20.00, 0.00, 0.00, 0.00, 1, '2023-03-14 13:37:02'),
	('d90dde6a-c212-11ed-8038-d8cb8ac0caec', 'c6f86779-c212-11ed-8038-d8cb8ac0caec', 'Gas', '', 'Vehicle', 'Gasoline and oil', -35.15, 0.00, 0.00, 0.00, 1, '2023-03-13 22:49:32'),
	('daad5d89-be22-11ed-a0e4-d8cb8ac0caec', 'cb0d707c-be22-11ed-a0e4-d8cb8ac0caec', 'Gas', '', 'Vehicle', 'Gasoline and oil', -40.00, 0.00, 0.00, 0.00, 1, '2023-03-08 21:33:57'),
	('dbbbea8b-b7d1-11ed-a20d-d8cb8ac0caec', 'a5b8347f-b7d1-11ed-a20d-d8cb8ac0caec', '1 calf starter', '', 'Feed', 'Calf Starter', -27.00, 0.00, 0.00, 0.00, 1, '2023-02-28 20:39:02'),
	('dd06bcc6-a959-11ec-ac57-d8cb8ac0caec', 'b052e4ba-a959-11ec-ac57-d8cb8ac0caec', 'Black Calf - 220 lb', '', 'Livestock', 'Cattle', -374.00, 0.00, 0.00, 0.00, 1, '2022-03-21 16:59:35'),
	('dd1b68cf-c083-11ed-a0c9-d8cb8ac0caec', 'd0de6e7f-c083-11ed-a0c9-d8cb8ac0caec', 'Gas', '', 'Vehicle', 'Gasoline and oil', -67.19, 0.00, 0.00, 0.00, 1, '2023-03-11 22:13:18'),
	('ddc43963-a8ca-11ec-ac57-d8cb8ac0caec', 'cf224c7d-a8ca-11ec-ac57-d8cb8ac0caec', 'Black Calf - 520 lb', '', 'Livestock', 'Cattle', 970.00, 0.00, 0.00, 0.00, 0, '2022-03-20 23:56:04'),
	('df9ba1ca-a8cc-11ec-ac57-d8cb8ac0caec', 'be0943a9-a8cc-11ec-ac57-d8cb8ac0caec', 'Calf Starter - 1 bg', '', 'Feed', 'Calf Starter', -24.50, 0.00, 0.00, 0.00, 1, '2022-03-21 00:10:26'),
	('e0602431-bb64-11ed-a725-d8cb8ac0caec', 'c5afc87f-bb64-11ed-a725-d8cb8ac0caec', '1 calf starter', '', 'Feed', 'Calf Starter', -26.00, 0.00, 0.00, 0.00, 1, '2023-03-05 09:49:05'),
	('e08b3952-b7d3-11ed-a20d-d8cb8ac0caec', 'ce568809-b7d3-11ed-a20d-d8cb8ac0caec', '3 calfs', '', 'Livestock', 'Cattle', -1380.00, 0.00, 0.00, 0.00, 1, '2023-02-28 20:53:29'),
	('e177e867-a95c-11ec-ac57-d8cb8ac0caec', '9c47eefc-a95c-11ec-ac57-d8cb8ac0caec', 'Black Calf - 105 lb', '', 'Livestock', 'Cattle', -409.50, 0.00, 0.00, 0.00, 1, '2022-03-21 17:21:11'),
	('e26c111e-be13-11ed-a0e4-d8cb8ac0caec', '04846a8d-be13-11ed-a0e4-d8cb8ac0caec', 'Car Battery', '', 'Vehicle', 'Repairs and Maintenance', -266.18, 0.00, 0.00, 0.00, 1, '2023-03-08 19:46:47'),
	('e271a0dc-b7ca-11ed-a20d-d8cb8ac0caec', 'cecd9158-b7ca-11ed-a20d-d8cb8ac0caec', '3 angus steers', '', 'Livestock', 'Cattle', 2295.26, 0.00, 0.00, 0.00, 0, '2023-02-28 19:49:07'),
	('e2861e6f-a95d-11ec-ac57-d8cb8ac0caec', '5391b875-a95d-11ec-ac57-d8cb8ac0caec', 'Black Calf - 130 lb', '', 'Livestock', 'Cattle', -494.00, 0.00, 0.00, 0.00, 1, '2022-03-21 17:28:22'),
	('e3b82d7c-c28b-11ed-8038-d8cb8ac0caec', 'd9b457eb-c28b-11ed-8038-d8cb8ac0caec', 'Gas', '', 'Vehicle', 'Gasoline and oil', -40.12, 0.00, 0.00, 0.00, 1, '2023-03-14 13:15:52'),
	('e3cdb93c-c086-11ed-a0c9-d8cb8ac0caec', 'd1d0fd9d-c086-11ed-a0c9-d8cb8ac0caec', 'Gas', '', 'Vehicle', 'Gasoline and oil', -45.06, 0.00, 0.00, 0.00, 1, '2023-03-11 22:34:57'),
	('e47aa95f-c210-11ed-8038-d8cb8ac0caec', 'cfd20442-c210-11ed-8038-d8cb8ac0caec', 'Gas', '', 'Vehicle', 'Gasoline and oil', -93.28, 0.00, 0.00, 0.00, 1, '2023-03-13 22:35:32'),
	('e491fb24-a95e-11ec-ac57-d8cb8ac0caec', 'd7c49b53-a95e-11ec-ac57-d8cb8ac0caec', 'Hay - 50 bales', '', 'Feed', 'Hay', -250.00, 0.00, 0.00, 0.00, 1, '2022-03-21 17:35:35'),
	('e573c64b-c211-11ed-8038-d8cb8ac0caec', 'd0a7bb74-c211-11ed-8038-d8cb8ac0caec', 'Gas', '', 'Vehicle', 'Gasoline and oil', -118.65, 0.00, 0.00, 0.00, 1, '2023-03-13 22:42:43'),
	('e5b6be72-c28d-11ed-8038-d8cb8ac0caec', 'd9d44307-c28d-11ed-8038-d8cb8ac0caec', 'Gas', '', 'Vehicle', 'Gasoline and oil', -72.06, 0.00, 0.00, 0.00, 1, '2023-03-14 13:30:15'),
	('e68b0cb5-be1f-11ed-a0e4-d8cb8ac0caec', 'd3c09a9a-be1f-11ed-a0e4-d8cb8ac0caec', 'Gas', '', 'Vehicle', 'Gasoline and oil', -45.85, 0.00, 0.00, 0.00, 1, '2023-03-08 21:12:48'),
	('e7215a2b-bb67-11ed-a725-d8cb8ac0caec', 'a5b8347f-b7d1-11ed-a20d-d8cb8ac0caec', '100 galon water tab', '', 'Farm', 'Maintenance', -150.00, 0.00, 0.00, 0.00, 1, '2023-03-05 10:10:45'),
	('e737f686-c213-11ed-8038-d8cb8ac0caec', 'd7bd5642-c213-11ed-8038-d8cb8ac0caec', 'Gas', '', 'Vehicle', 'Gasoline and oil', -40.14, 0.00, 0.00, 0.00, 1, '2023-03-13 22:57:05'),
	('e801aca2-c216-11ed-8038-d8cb8ac0caec', 'd69f411d-c216-11ed-8038-d8cb8ac0caec', 'Gas', '', 'Vehicle', 'Gasoline and oil', -50.07, 0.00, 0.00, 0.00, 1, '2023-03-13 23:18:35'),
	('e9ffe75f-c28c-11ed-8038-d8cb8ac0caec', 'dd6050ec-c28c-11ed-8038-d8cb8ac0caec', 'Gas', '', 'Vehicle', 'Gasoline and oil', -148.26, 0.00, 0.00, 0.00, 1, '2023-03-14 13:23:12'),
	('ea6752e6-a8c7-11ec-ac57-d8cb8ac0caec', 'bc107127-a8c7-11ec-ac57-d8cb8ac0caec', 'Beef Supplement - 2 bgs', '', 'Feed', 'Mineral Mix', -36.00, 0.00, 0.00, 0.00, 1, '2022-03-20 23:34:57'),
	('eb059524-c20f-11ed-8038-d8cb8ac0caec', 'd85508df-c20f-11ed-8038-d8cb8ac0caec', 'Gas', '', 'Vehicle', 'Gasoline and oil', -50.05, 0.00, 0.00, 0.00, 1, '2023-03-13 22:28:34'),
	('eba37a2c-a8c5-11ec-ac57-d8cb8ac0caec', 'b9f05c00-a8c5-11ec-ac57-d8cb8ac0caec', 'Calf Starter - 1bg', '', 'Feed', 'Calf Starter', -23.00, 0.00, 0.00, 0.00, 1, '2022-03-20 23:20:40'),
	('ecf1c73a-a8cd-11ec-ac57-d8cb8ac0caec', 'd2291662-a8cd-11ec-ac57-d8cb8ac0caec', 'Soy and Corn Mix - 1 tone', '', 'Feed', 'Feed Mix', -576.30, 0.00, 0.00, 0.00, 1, '2022-03-21 00:17:58'),
	('ee400f16-be23-11ed-a0e4-d8cb8ac0caec', 'db814a64-be23-11ed-a0e4-d8cb8ac0caec', 'Gas', '', 'Vehicle', 'Gasoline and oil', -139.75, 0.00, 0.00, 0.00, 1, '2023-03-08 21:41:39'),
	('ee6f7db6-a7e2-11ec-ac57-d8cb8ac0caec', '82875753-a7e2-11ec-ac57-d8cb8ac0caec', 'Cracked Corn 4bg', '', 'Feed', 'Cracked Corn', -62.00, 0.00, 0.00, 0.00, 1, '2022-03-19 20:15:58'),
	('efb42629-b7ce-11ed-a20d-d8cb8ac0caec', 'dcea3f73-b7ce-11ed-a20d-d8cb8ac0caec', '3 cracked corn', '', 'Feed', 'Cracked Corn', -55.50, 0.00, 0.00, 0.00, 1, '2023-02-28 20:18:07'),
	('f4446dd1-b7cd-11ed-a20d-d8cb8ac0caec', 'e3a20a7e-b7cd-11ed-a20d-d8cb8ac0caec', '3 cracked corn', '', 'Feed', 'Cracked Corn', -55.20, 0.00, 0.00, 0.00, 1, '2023-02-28 20:11:05'),
	('f47b34a5-a95d-11ec-ac57-d8cb8ac0caec', '5391b875-a95d-11ec-ac57-d8cb8ac0caec', 'Black Calf - 120 lb', '', 'Livestock', 'Cattle', -468.00, 0.00, 0.00, 0.00, 1, '2022-03-21 17:28:53'),
	('f5622a6c-a95c-11ec-ac57-d8cb8ac0caec', '9c47eefc-a95c-11ec-ac57-d8cb8ac0caec', 'Black Calf - 175 lb', '', 'Livestock', 'Cattle', -490.00, 0.00, 0.00, 0.00, 1, '2022-03-21 17:21:45'),
	('f5c25200-a957-11ec-ac57-d8cb8ac0caec', 'df3b38e9-a957-11ec-ac57-d8cb8ac0caec', 'Beef Supplement - 3 bgs', '', 'Feed', 'Mineral Mix', -58.80, 0.00, 0.00, 0.00, 1, '2022-03-21 16:45:58'),
	('f64f34fd-c084-11ed-a0c9-d8cb8ac0caec', 'e9125fd2-c084-11ed-a0c9-d8cb8ac0caec', 'Gas', '', 'Vehicle', 'Gasoline and oil', -23.03, 0.00, 0.00, 0.00, 1, '2023-03-11 22:21:10'),
	('f8d0f87e-be22-11ed-a0e4-d8cb8ac0caec', 'ecac0a48-be22-11ed-a0e4-d8cb8ac0caec', 'Gas', '', 'Vehicle', 'Gasoline and oil', -20.43, 0.00, 0.00, 0.00, 1, '2023-03-08 21:34:47'),
	('f8f019f9-a8c7-11ec-ac57-d8cb8ac0caec', 'bc107127-a8c7-11ec-ac57-d8cb8ac0caec', 'Cracked Corn - 8 bgs', '', 'Feed', 'Cracked Corn', -124.00, 0.00, 0.00, 0.00, 1, '2022-03-20 23:35:21'),
	('f9d34158-c217-11ed-8038-d8cb8ac0caec', 'ec3a5ab8-c217-11ed-8038-d8cb8ac0caec', 'Gas', '', 'Vehicle', 'Gasoline and oil', -66.36, 0.00, 0.00, 0.00, 1, '2023-03-13 23:26:14'),
	('fb250bc4-b7d1-11ed-a20d-d8cb8ac0caec', 'a5b8347f-b7d1-11ed-a20d-d8cb8ac0caec', '2 shavings', '', 'Feed', 'Wood Shavings', -14.00, 0.00, 0.00, 0.00, 1, '2023-02-28 20:39:55'),
	('fb40c146-c081-11ed-a0c9-d8cb8ac0caec', 'ed5317f6-c081-11ed-a0c9-d8cb8ac0caec', 'Gas', '', 'Vehicle', 'Gasoline and oil', -130.02, 0.00, 0.00, 0.00, 1, '2023-03-11 21:59:49'),
	('fbcc0e76-c28e-11ed-8038-d8cb8ac0caec', 'efa90818-c28e-11ed-8038-d8cb8ac0caec', 'Gas', '', 'Vehicle', 'Gasoline and oil', -36.95, 0.00, 0.00, 0.00, 1, '2023-03-14 13:38:01'),
	('fbe0100e-a958-11ec-ac57-d8cb8ac0caec', 'ee16c2e2-a958-11ec-ac57-d8cb8ac0caec', 'Milk Replacer - 2 bgs', '', 'Feed', 'Milk Replacer', -144.00, 0.00, 0.00, 0.00, 1, '2022-03-21 16:53:17'),
	('feec2305-c212-11ed-8038-d8cb8ac0caec', 'f0ad5fca-c212-11ed-8038-d8cb8ac0caec', 'Gas', '', 'Vehicle', 'Gasoline and oil', -54.85, 0.00, 0.00, 0.00, 1, '2023-03-13 22:50:36'),
	('ff9be58f-a8c3-11ec-ac57-d8cb8ac0caec', 'e80add8c-a8c3-11ec-ac57-d8cb8ac0caec', 'Calf Starter - 2bgs', '', 'Feed', 'Calf Starter', -44.84, 0.00, 0.00, 0.00, 1, '2022-03-20 23:06:55'),
	('ffcf0446-a7ef-11ec-ac57-d8cb8ac0caec', 'e29293e3-a7ef-11ec-ac57-d8cb8ac0caec', 'Beef Supplement - 4 bgs', '', 'Feed', 'Mineral Mix', -78.40, 0.00, 0.00, 0.00, 1, '2022-03-19 21:49:31');

-- Dumping structure for table farmworkphp.user
CREATE TABLE IF NOT EXISTS `user` (
  `id` char(36) NOT NULL DEFAULT uuid(),
  `username` varchar(15) NOT NULL,
  `password` varchar(255) NOT NULL,
  `email` varchar(50) NOT NULL,
  `is_active` tinyint(4) NOT NULL DEFAULT 1,
  `created_at` datetime NOT NULL DEFAULT current_timestamp(),
  PRIMARY KEY (`id`)
) ENGINE=InnoDB DEFAULT CHARSET=utf8mb4 COLLATE=utf8mb4_general_ci COMMENT='cattle management members.';

-- Dumping data for table farmworkphp.user: ~2 rows (approximately)
DELETE FROM `user`;
INSERT INTO `user` (`id`, `username`, `password`, `email`, `is_active`, `created_at`) VALUES
	('5e0d0d6c10096', 'farmer', '$2y$10$YxQsfaEVGMokSlb9QuKkUOkYxyLEOpM9XiuMFhrJifnTzjv9lnmze', 'dimasalt@gmail.com', 1, '2020-01-01 16:30:34'),
	('861020da-512d-11ec-8ab6-d8cb8ac0caec', 'dmitri', '2345', 'dimasalt@yahoo.com', 1, '2021-11-29 10:59:21');

-- Dumping structure for table farmworkphp.user_detail
CREATE TABLE IF NOT EXISTS `user_detail` (
  `id` int(11) NOT NULL AUTO_INCREMENT,
  `user_id` char(36) NOT NULL,
  `fname` varchar(50) DEFAULT NULL,
  `lname` varchar(50) DEFAULT NULL,
  `created_at` timestamp NOT NULL DEFAULT current_timestamp(),
  PRIMARY KEY (`id`),
  KEY `FK_user_detail_user` (`user_id`),
  CONSTRAINT `FK_user_detail_user` FOREIGN KEY (`user_id`) REFERENCES `user` (`id`) ON DELETE CASCADE ON UPDATE CASCADE
) ENGINE=InnoDB DEFAULT CHARSET=utf8mb4 COLLATE=utf8mb4_general_ci;

-- Dumping data for table farmworkphp.user_detail: ~0 rows (approximately)
DELETE FROM `user_detail`;

-- Dumping structure for table farmworkphp.user_logins
CREATE TABLE IF NOT EXISTS `user_logins` (
  `id` int(11) NOT NULL AUTO_INCREMENT,
  `user_id` char(36) NOT NULL,
  `token` varchar(50) NOT NULL,
  `user_agent` varchar(50) NOT NULL,
  `user_ip` varchar(50) NOT NULL,
  `modified_at` timestamp NOT NULL DEFAULT current_timestamp() ON UPDATE current_timestamp(),
  `created_at` timestamp NOT NULL DEFAULT current_timestamp(),
  PRIMARY KEY (`id`),
  KEY `FK_user_logins_user` (`user_id`),
  CONSTRAINT `FK_user_logins_user` FOREIGN KEY (`user_id`) REFERENCES `user` (`id`) ON DELETE CASCADE ON UPDATE CASCADE
) ENGINE=InnoDB DEFAULT CHARSET=utf8mb4 COLLATE=utf8mb4_general_ci COMMENT='contains user login information';

-- Dumping data for table farmworkphp.user_logins: ~0 rows (approximately)
DELETE FROM `user_logins`;

-- Dumping structure for table farmworkphp.user_role
CREATE TABLE IF NOT EXISTS `user_role` (
  `id` char(36) NOT NULL DEFAULT uuid(),
  `role` varchar(10) NOT NULL,
  `role_desc` varchar(150) DEFAULT NULL,
  `created_at` datetime NOT NULL DEFAULT current_timestamp(),
  PRIMARY KEY (`id`)
) ENGINE=InnoDB DEFAULT CHARSET=utf8mb4 COLLATE=utf8mb4_general_ci COMMENT='member roles in the cattle management system.';

-- Dumping data for table farmworkphp.user_role: ~2 rows (approximately)
DELETE FROM `user_role`;
INSERT INTO `user_role` (`id`, `role`, `role_desc`, `created_at`) VALUES
	('98534618084409345', 'admin', NULL, '2020-01-04 15:24:44'),
	('98534618084409346', 'user', NULL, '2020-01-04 15:24:53');

-- Dumping structure for table farmworkphp.user_to_role
CREATE TABLE IF NOT EXISTS `user_to_role` (
  `id` int(11) NOT NULL AUTO_INCREMENT,
  `user_id` char(36) NOT NULL,
  `role_id` char(36) NOT NULL,
  `created_at` datetime NOT NULL DEFAULT current_timestamp(),
  PRIMARY KEY (`id`),
  KEY `FK_user_to_role_user` (`user_id`),
  KEY `FK_user_to_role_user_role` (`role_id`),
  CONSTRAINT `FK_user_to_role_user` FOREIGN KEY (`user_id`) REFERENCES `user` (`id`) ON DELETE CASCADE ON UPDATE CASCADE,
  CONSTRAINT `FK_user_to_role_user_role` FOREIGN KEY (`role_id`) REFERENCES `user_role` (`id`) ON DELETE CASCADE ON UPDATE CASCADE
) ENGINE=InnoDB DEFAULT CHARSET=utf8mb4 COLLATE=utf8mb4_general_ci COMMENT='Cattle Management system users and their role connections';

-- Dumping data for table farmworkphp.user_to_role: ~0 rows (approximately)
DELETE FROM `user_to_role`;

-- Dumping structure for table farmworkphp.vehicle_log_book
CREATE TABLE IF NOT EXISTS `vehicle_log_book` (
  `id` int(11) NOT NULL AUTO_INCREMENT,
  `year_start_odometer` int(11) NOT NULL,
  `year_end_odometer` int(11) DEFAULT NULL,
  `vehicle_desc` varchar(150) NOT NULL,
  `created_at` datetime NOT NULL DEFAULT current_timestamp(),
  PRIMARY KEY (`id`)
) ENGINE=InnoDB AUTO_INCREMENT=20 DEFAULT CHARSET=utf8mb4 COLLATE=utf8mb4_general_ci COMMENT='vehicle log book records.';

-- Dumping data for table farmworkphp.vehicle_log_book: ~0 rows (approximately)
DELETE FROM `vehicle_log_book`;
INSERT INTO `vehicle_log_book` (`id`, `year_start_odometer`, `year_end_odometer`, `vehicle_desc`, `created_at`) VALUES
	(19, 215872, 247452, '2013 Chevrolet Silverado 1500', '2022-01-01 00:00:00');

-- Dumping structure for table farmworkphp.vehicle_log_book_item
CREATE TABLE IF NOT EXISTS `vehicle_log_book_item` (
  `id` int(11) NOT NULL AUTO_INCREMENT,
  `vehicle_log_book_id` int(11) NOT NULL,
  `destination` varchar(250) NOT NULL,
  `address` varchar(250) NOT NULL DEFAULT '',
  `purpose` varchar(150) NOT NULL,
  `travel_distance` int(11) NOT NULL DEFAULT 0,
  `created_at` datetime NOT NULL DEFAULT current_timestamp(),
  `travel_date` datetime NOT NULL DEFAULT current_timestamp(),
  PRIMARY KEY (`id`),
  KEY `FK_vehicle_log_book_item_vehicle_log_book` (`vehicle_log_book_id`),
  CONSTRAINT `FK_vehicle_log_book_item_vehicle_log_book` FOREIGN KEY (`vehicle_log_book_id`) REFERENCES `vehicle_log_book` (`id`) ON DELETE CASCADE ON UPDATE CASCADE
) ENGINE=InnoDB AUTO_INCREMENT=62 DEFAULT CHARSET=utf8mb4 COLLATE=utf8mb4_general_ci COMMENT='vehicle log book to keep track on a business related travel';

-- Dumping data for table farmworkphp.vehicle_log_book_item: ~0 rows (approximately)
DELETE FROM `vehicle_log_book_item`;
INSERT INTO `vehicle_log_book_item` (`id`, `vehicle_log_book_id`, `destination`, `address`, `purpose`, `travel_distance`, `created_at`, `travel_date`) VALUES
	(30, 19, 'Railside General Supplies', '3272 Monahan Rd, Val Gagne , On, Canada, P0K 1W0', 'cattle feed purchase', 30, '2023-03-08 19:35:05', '2022-08-03 00:00:00'),
	(31, 19, 'Railside General Supplies', '3272 Monahan Rd, Val Gagne , On, Canada, P0K 1W0', 'cattle feed purchase', 30, '2023-03-08 19:36:05', '2022-08-08 00:00:00'),
	(32, 19, 'Railside General Supplies', '3272 Monahan Rd, Val Gagne , On, Canada, P0K 1W0', 'cattle feed purchase', 30, '2023-03-08 19:48:28', '2022-07-25 00:00:00'),
	(33, 19, 'Railside General Supplies', '3272 Monahan Rd, Val Gagne , On, Canada, P0K 1W0', 'cattle feed purchase', 30, '2023-03-08 19:49:10', '2022-07-18 00:00:00'),
	(35, 19, 'Temiskaming Livestock Exchange Ltd 1992, 883006 ON-65 RR 3, New Liskeard, ON P0J 1P0', '883006 ON-65 RR 3, New Liskeard, ON P0J 1P0', 'cattle sale', 320, '2023-03-08 20:02:59', '2022-01-03 00:00:00'),
	(36, 19, 'Temiskaming Livestock Exchange Ltd 1992', '883006 ON-65 RR 3, New Liskeard, ON P0J 1P0', 'cattle purchace', 320, '2023-03-08 20:04:00', '2022-05-02 00:00:00'),
	(37, 19, 'Temiskaming Livestock Exchange Ltd 1992', '883006 ON-65 RR 3, New Liskeard, ON P0J 1P0', 'cattle sale', 320, '2023-03-08 20:04:48', '2022-02-07 00:00:00'),
	(38, 19, 'Temiskaming Livestock Exchange Ltd 1992', '883006 ON-65 RR 3, New Liskeard, ON P0J 1P0', 'cattle sale', 320, '2023-03-08 20:05:25', '2022-01-10 00:00:00'),
	(39, 19, 'Railside General Supplies', '3272 Monahan Rd, Val Gagne , On, Canada, P0K 1W0', 'cattle feed purchase', 30, '2023-03-08 20:06:33', '2022-01-11 00:00:00'),
	(40, 19, 'Railside General Supplies', '3272 Monahan Rd, Val Gagne , On, Canada, P0K 1W0', 'cattle feed purchase', 30, '2023-03-08 20:08:25', '2022-05-10 00:00:00'),
	(41, 19, 'Railside General Supplies', '3272 Monahan Rd, Val Gagne , On, Canada, P0K 1W0', 'cattle feed purchase', 30, '2023-03-08 20:14:19', '2022-05-24 00:00:00'),
	(42, 19, 'Railside General Supplies', '3272 Monahan Rd, Val Gagne , On, Canada, P0K 1W0', 'cattle feed purchase', 30, '2023-03-08 20:14:52', '2022-06-21 00:00:00'),
	(43, 19, 'Railside General Supplies', '3272 Monahan Rd, Val Gagne , On, Canada, P0K 1W0', 'cattle feed purchase', 30, '2023-03-08 20:15:26', '2022-07-12 00:00:00'),
	(44, 19, 'Railside General Supplies', '3272 Monahan Rd, Val Gagne , On, Canada, P0K 1W0', 'cattle feed purchase', 30, '2023-03-08 20:15:53', '2022-11-08 00:00:00'),
	(45, 19, 'Railside General Supplies', '3272 Monahan Rd, Val Gagne , On, Canada, P0K 1W0', 'cattle feed purchase', 30, '2023-03-08 20:16:20', '2022-11-01 00:00:00'),
	(46, 19, 'Railside General Supplies', '3272 Monahan Rd, Val Gagne , On, Canada, P0K 1W0', 'cattle feed purchase', 30, '2023-03-08 20:16:50', '2022-05-16 00:00:00'),
	(47, 19, 'Railside General Supplies', '3272 Monahan Rd, Val Gagne , On, Canada, P0K 1W0', 'cattle feed purchase', 30, '2023-03-08 20:17:23', '2022-11-20 00:00:00'),
	(48, 19, 'Railside General Supplies', '3272 Monahan Rd, Val Gagne , On, Canada, P0K 1W0', 'cattle feed purchase', 30, '2023-03-08 20:17:54', '2022-11-28 00:00:00'),
	(49, 19, 'Railside General Supplies', '3272 Monahan Rd, Val Gagne , On, Canada, P0K 1W0', 'cattle feed purchase', 30, '2023-03-08 20:18:27', '2022-11-14 00:00:00'),
	(50, 19, 'Northern Feed & Supplies', '964027 Development Rd, Thornloe, ON P0J 1S0', 'cattle feed purchase', 288, '2023-03-08 20:20:05', '2022-06-06 00:00:00'),
	(51, 19, 'Railside General Supplies', '3272 Monahan Rd, Val Gagne , On, Canada, P0K 1W0', 'cattle feed purchase', 30, '2023-03-08 20:20:56', '2022-12-27 00:00:00'),
	(52, 19, 'Railside General Supplies', '3272 Monahan Rd, Val Gagne , On, Canada, P0K 1W0', 'cattle feed purchase', 30, '2023-03-08 20:21:22', '2022-10-24 00:00:00'),
	(53, 19, 'Railside General Supplies', '3272 Monahan Rd, Val Gagne , On, Canada, P0K 1W0', 'cattle feed purchase', 30, '2023-03-08 20:21:52', '2022-10-17 00:00:00'),
	(54, 19, 'Railside General Supplies', '3272 Monahan Rd, Val Gagne , On, Canada, P0K 1W0', 'cattle feed purchase', 30, '2023-03-08 20:22:21', '2022-10-03 00:00:00'),
	(55, 19, 'Railside General Supplies', '3272 Monahan Rd, Val Gagne , On, Canada, P0K 1W0', 'cattle feed purchase', 30, '2023-03-08 20:22:54', '2022-10-11 00:00:00'),
	(56, 19, 'Railside General Supplies', '3272 Monahan Rd, Val Gagne , On, Canada, P0K 1W0', 'cattle feed purchase', 30, '2023-03-08 20:23:23', '2022-09-27 00:00:00'),
	(57, 19, 'Railside General Supplies', '3272 Monahan Rd, Val Gagne , On, Canada, P0K 1W0', 'cattle feed purchase', 30, '2023-03-08 20:24:13', '2022-08-23 00:00:00'),
	(58, 19, 'Railside General Supplies', '3272 Monahan Rd, Val Gagne , On, Canada, P0K 1W0', 'cattle feed purchase', 30, '2023-03-08 20:24:45', '2022-12-13 00:00:00'),
	(59, 19, 'Railside General Supplies', '3272 Monahan Rd, Val Gagne , On, Canada, P0K 1W0', 'cattle feed purchase', 30, '2023-03-08 20:25:17', '2022-12-06 00:00:00'),
	(60, 19, 'Railside General Supplies', '3272 Monahan Rd, Val Gagne , On, Canada, P0K 1W0', 'cattle feed purchase', 30, '2023-03-08 20:25:51', '2022-09-20 00:00:00'),
	(61, 19, 'Railside General Supplies', '3272 Monahan Rd, Val Gagne , On, Canada, P0K 1W0', 'cattle feed purchase', 30, '2023-03-08 20:26:30', '2022-09-09 00:00:00');

-- Dumping structure for procedure farmworkphp.budgetCreate
DELIMITER //
CREATE PROCEDURE `budgetCreate`(
	IN `parent_id` INT,
	IN `budget_name` VARCHAR(250),
	IN `budget_amount` DECIMAL(19,2),
	IN `budget_amount_actual` DECIMAL(19,2),
	IN `is_done` TINYINT,
	IN `is_default` TINYINT,
	IN `budget_date` DATETIME
)
    COMMENT 'creates new budget record'
BEGIN

-- insert record
INSERT INTO budget
(
	budget.parent_id,
	budget.budget_name,
	budget.budget_amount,
	budget.budget_amount_actual,
	budget.is_default,
	budget.is_done,
	budget.budget_date
)
VALUES 
(
	parent_id,
	budget_name,
	budget_amount,
	budget_amount_actual,
	is_default,
	is_done,
	budget_date
);

-- get last insert id
 SELECT LAST_INSERT_ID() AS 'id';

END//
DELIMITER ;

-- Dumping structure for procedure farmworkphp.budgetDelete
DELIMITER //
CREATE PROCEDURE `budgetDelete`(
	IN `id` INT
)
    COMMENT 'Removes budget item from the list'
BEGIN

	-- find if item is main item or not
	DECLARE parent_id INT;	
	SET parent_id = (SELECT budget.parent_id FROM budget WHERE budget.id = id);

	-- remove the item
	DELETE FROM budget WHERE budget.id = id;
	
	-- if item was main item remove all sub items
	IF parent_id = 0 then 
		DELETE FROM budget WHERE budget.parent_id = id;
	END if;
	
END//
DELIMITER ;

-- Dumping structure for procedure farmworkphp.budgetGetAll
DELIMITER //
CREATE PROCEDURE `budgetGetAll`(
	IN `id` INT
)
    COMMENT 'selects all budget records from a selected (by id) '
BEGIN

	SELECT 
		budget.id,
		budget.parent_id,
		budget.budget_name,
		budget.budget_amount,
		budget.budget_amount_actual,
		budget.is_done,
		budget.is_default,
		DATE_FORMAT(budget.budget_date, "%e-%b-%Y") AS budget_date,	
		(SELECT SUM(budget.budget_amount) FROM budget) AS budget_amount_total,
		(SELECT SUM(budget.budget_amount_actual) FROM budget) AS budget_amount_actual_total
	FROM budget
	WHERE budget.id = id OR budget.parent_id = id
	ORDER BY budget.budget_date ASC;

END//
DELIMITER ;

-- Dumping structure for procedure farmworkphp.budgetGetMainAll
DELIMITER //
CREATE PROCEDURE `budgetGetMainAll`()
    COMMENT 'Gets all main items for the drop down on a budget page'
BEGIN

	SELECT 
		budget.id,
		budget.parent_id,
		budget.budget_name,	
		budget.is_default
	FROM budget
	WHERE budget.parent_id = 0
	ORDER BY budget.budget_name ASC;

END//
DELIMITER ;

-- Dumping structure for procedure farmworkphp.budgetUpdate
DELIMITER //
CREATE PROCEDURE `budgetUpdate`(
	IN `id` INT,
	IN `budget_name` VARCHAR(250),
	IN `budget_amount` DECIMAL(19,2),
	IN `budget_amount_actual` DECIMAL(19,2),
	IN `budget_date` DATETIME
)
    COMMENT 'updates budget record'
BEGIN

	UPDATE 
		budget
	SET 
		budget.budget_name = budget_name,
		budget.budget_amount = budget_amount,
		budget.budget_amount_actual = budget_amount_actual,
		budget.budget_date = budget_date
	WHERE budget.id = id;
	
END//
DELIMITER ;

-- Dumping structure for procedure farmworkphp.budgetUpdateDefault
DELIMITER //
CREATE PROCEDURE `budgetUpdateDefault`(
	IN `id` INT,
	IN `is_default` TINYINT
)
BEGIN

	-- reset default status for all budgets
	UPDATE budget 
	SET budget.is_default = 0;
	
	
	-- set status to chosen budget item based on item ID
	UPDATE budget
	SET 
		budget.is_default = is_default
	WHERE 
		budget.id = id; 
END//
DELIMITER ;

-- Dumping structure for procedure farmworkphp.budgetUpdateStatus
DELIMITER //
CREATE PROCEDURE `budgetUpdateStatus`(
	IN `id` INT,
	IN `is_done` TINYINT
)
    COMMENT 'updates status to done or not done'
BEGIN

	UPDATE 
		budget
	SET 
		budget.is_done = is_done
	WHERE
		budget.id = id; 
END//
DELIMITER ;

-- Dumping structure for procedure farmworkphp.contactAdd
DELIMITER //
CREATE PROCEDURE `contactAdd`(
	IN `contact_name` VARCHAR(100),
	IN `address` VARCHAR(150),
	IN `phone` VARCHAR(50),
	IN `email` VARCHAR(50),
	IN `note` VARCHAR(250),
	IN `contact_type` TINYINT
)
BEGIN

	INSERT INTO 
		contact (`name`, address, phone, email, note, `type`)
	VALUES 
		(contact_name, address, phone, email, note, contact_type );

END//
DELIMITER ;

-- Dumping structure for procedure farmworkphp.contactDeleteOne
DELIMITER //
CREATE PROCEDURE `contactDeleteOne`(
	IN `contact_id` CHAR(36)
)
    COMMENT 'remoes selected contact ot vendor from database'
BEGIN

	DELETE 
	FROM contact 
	WHERE contact.id = contact_id;
	
END//
DELIMITER ;

-- Dumping structure for procedure farmworkphp.contactsGetAll
DELIMITER //
CREATE PROCEDURE `contactsGetAll`(
	IN `search_term` VARCHAR(50),
	IN `contact_type` TINYINT,
	IN `contact_order_by` VARCHAR(10),
	IN `current_page` INT,
	IN `limit` INT
)
    COMMENT 'get various contacts information'
BEGIN

	DECLARE total_contacts INT DEFAULT 0;

	-- prepare search term
	IF LENGTH(search_term) < 2 THEN
		SET search_term = "%";
	ELSE
		SET search_term = CONCAT('%', search_term, '%') ;
	END IF;
	
	-- set paging --
	
	
	
	-- drop temporary table if exists (sometimes mysql will wait before it drops it automatically
	-- so we need to force the table dropping
	DROP TEMPORARY TABLE IF EXISTS contact_tmp;
	

	-- execute search based on vendor and search parameter
	IF contact_type = -1 THEN
		CREATE TEMPORARY TABLE contact_tmp
		(
			select contact.id, 
				contact.name, 
				contact.address, 		
				contact.phone, 
				contact.email, 
				contact.note,
				contact.`type`,
				contact.created_at
			FROM contact
			WHERE contact.name LIKE search_term OR contact.address LIKE search_term			
		);
	ELSE	
		CREATE TEMPORARY TABLE contact_tmp		
		(
			select contact.id, 
				contact.name,  
				contact.address, 		
				contact.phone, 
				contact.email, 
				contact.note,
				contact.`type`,
				contact.created_at
			FROM contact
			WHERE (contact.name LIKE search_term OR contact.address LIKE search_term) AND contact.`type` = contact_type		
		);
					
	END IF;
	
	
	-- set total contacts
	SET total_contacts = (SELECT COUNT(id) FROM contact_tmp);
	
	
	-- order selection by name or date
	IF contact_order_by LIKE 'name' THEN
		SELECT *, total_contacts FROM contact_tmp ORDER BY contact_tmp.name ASC;
	ELSEIF contact_order_by LIKE 'date' THEN
		SELECT *, total_contacts FROM contact_tmp ORDER BY contact_tmp.created_at ASC;
	END IF;
	

	-- drop temporary table if exists (sometimes mysql will wait before it drops it automatically
	-- so we need to force the table dropping
	DROP TEMPORARY TABLE IF EXISTS contact_tmp;
	
		
END//
DELIMITER ;

-- Dumping structure for procedure farmworkphp.contactUpdate
DELIMITER //
CREATE PROCEDURE `contactUpdate`(
	IN `id` CHAR(36),
	IN `contact_name` VARCHAR(100),
	IN `address` VARCHAR(150),
	IN `phone` VARCHAR(50),
	IN `email` VARCHAR(50),
	IN `note` VARCHAR(250),
	IN `contact_type` TINYINT
)
BEGIN

	UPDATE contact 
	SET contact.name = contact_name, 
		 contact.address = address, 	
		 contact.phone = phone,
		 contact.email = email,
		 contact.note = note,
		 contact.`type` = contact_type
	WHERE contact.id = id;
	
END//
DELIMITER ;

-- Dumping structure for procedure farmworkphp.contactVendorsGetAll
DELIMITER //
CREATE PROCEDURE `contactVendorsGetAll`()
select contact.id, 
			contact.name AS vendor_name, 
			contact.address AS vendor_address, 		
			contact.phone, 
			contact.email, 
			contact.note,
			contact.`type`
	FROM contact
	WHERE contact.`type` = 1 OR contact.`type` = 2
	ORDER BY contact.name ASC//
DELIMITER ;

-- Dumping structure for procedure farmworkphp.feedCreate
DELIMITER //
CREATE PROCEDURE `feedCreate`(
	IN `feed_name` VARCHAR(150),
	IN `feed_desc` VARCHAR(250),
	IN `feed_cp` INT,
	IN `feed_tdn` INT,
	IN `feed_type` VARCHAR(25),
	IN `feed_price` DECIMAL(19,2),
	IN `feed_price_lb` INT,
	IN `feed_usage` INT
)
    COMMENT 'Adds feed to a feed list'
BEGIN

	INSERT INTO feed
	(
		feed.feed_name,
		feed.feed_desc,
		feed.feed_cp,
		feed.feed_tdn,
		feed.feed_type,
		feed.feed_price,
		feed.feed_price_lb,
		feed.feed_usage
	)
	VALUES 
	(
		feed_name,
		feed_desc,
		feed_cp,
		feed_tdn,
		feed_type,
		feed_price,
		feed_price_lb,
		feed_usage
	);

END//
DELIMITER ;

-- Dumping structure for procedure farmworkphp.feedDeleteOne
DELIMITER //
CREATE PROCEDURE `feedDeleteOne`(
	IN `id` INT
)
    COMMENT 'removes feed item'
BEGIN

	DELETE FROM feed
	WHERE feed.id = id;

END//
DELIMITER ;

-- Dumping structure for procedure farmworkphp.feedGetAll
DELIMITER //
CREATE PROCEDURE `feedGetAll`()
    COMMENT 'gets all feeds'
BEGIN

	SELECT 
		feed.id,
		feed.feed_name,
		feed.feed_desc,
		feed.feed_cp,
		feed.feed_tdn,
		feed.feed_type,
		feed.feed_price,
		feed.feed_price_lb,
		feed.feed_usage,
		feed.is_default
	FROM 
		feed
	ORDER BY feed.feed_name ASC;

END//
DELIMITER ;

-- Dumping structure for procedure farmworkphp.feedGetRequirements
DELIMITER //
CREATE PROCEDURE `feedGetRequirements`(
	IN `adg` DECIMAL(19,1),
	IN `start_weight` INT,
	IN `end_weight` INT
)
    COMMENT 'gets nutritional requirements for animals'
BEGIN

if adg = 0 then
	SELECT 
		feed_requirement.id,
		feed_requirement.weight,
		feed_requirement.animal_type,
		feed_requirement.adg,
		feed_requirement.dm_per_day,
		feed_requirement.cp,
		feed_requirement.tdn
	FROM 
		feed_requirement
	WHERE 
		(feed_requirement.weight >= start_weight AND feed_requirement.weight <= end_weight)
	ORDER BY 
		feed_requirement.weight, 
		feed_requirement.adg ASC;
		
	ELSE 
		SELECT 
			feed_requirement.id,
			feed_requirement.weight,
			feed_requirement.animal_type,
			feed_requirement.adg,
			feed_requirement.dm_per_day,
			feed_requirement.cp,
			feed_requirement.tdn
		FROM 
			feed_requirement
		WHERE 
			feed_requirement.adg = adg 
			AND (feed_requirement.weight >= start_weight AND feed_requirement.weight <= end_weight)
		ORDER BY 
			feed_requirement.weight, 
			feed_requirement.adg ASC;
			
	END if;

END//
DELIMITER ;

-- Dumping structure for procedure farmworkphp.feedGetRequirementsAdg
DELIMITER //
CREATE PROCEDURE `feedGetRequirementsAdg`()
BEGIN

	SELECT 
		feed_requirement.adg
	FROM 
		feed_requirement
	GROUP BY 
		feed_requirement.adg;

END//
DELIMITER ;

-- Dumping structure for procedure farmworkphp.feedGetRequirementsWeight
DELIMITER //
CREATE PROCEDURE `feedGetRequirementsWeight`()
BEGIN

	SELECT 
		feed_requirement.weight
	FROM 
		feed_requirement
	GROUP BY 
		feed_requirement.weight;

END//
DELIMITER ;

-- Dumping structure for procedure farmworkphp.feedSetDefault
DELIMITER //
CREATE PROCEDURE `feedSetDefault`(
	IN `id` INT,
	IN `is_default` TINYINT
)
    COMMENT 'sets feed as default for ration calculations'
BEGIN

	UPDATE feed 
	SET 
		feed.is_default = is_default 
	WHERE 
		feed.id = id;
	

END//
DELIMITER ;

-- Dumping structure for procedure farmworkphp.feedUpdate
DELIMITER //
CREATE PROCEDURE `feedUpdate`(
	IN `id` INT,
	IN `feed_name` VARCHAR(150),
	IN `feed_desc` VARCHAR(250),
	IN `feed_cp` INT,
	IN `feed_tdn` INT,
	IN `feed_type` VARCHAR(25),
	IN `feed_price` DECIMAL(19,2),
	IN `feed_price_lb` INT,
	IN `feed_usage` INT
)
BEGIN

	UPDATE feed 
	SET 
		feed.feed_name = feed_name,
		feed.feed_desc = feed_desc,
		feed.feed_cp = feed_cp,
		feed.feed_tdn = feed_tdn,
		feed.feed_type = feed_type,
		feed.feed_price = feed_price,
		feed.feed_price_lb = feed_price_lb,
		feed.feed_usage = feed_usage
	WHERE 
		feed.id = id;

END//
DELIMITER ;

-- Dumping structure for procedure farmworkphp.livestockCatDelete
DELIMITER //
CREATE PROCEDURE `livestockCatDelete`(
	IN `id` INT
)
    COMMENT 'removes category or sub category'
BEGIN
		
		-- remove category by id (if main category)
		DELETE FROM livestock_category 
		WHERE livestock_category.id = id;
		
		-- remove all sub categories
		DELETE FROM livestock_category 
		WHERE livestock_category.parent_id = id;
		
END//
DELIMITER ;

-- Dumping structure for procedure farmworkphp.livestockCatSave
DELIMITER //
CREATE PROCEDURE `livestockCatSave`(
	IN `id` INT,
	IN `parent_id` INT,
	IN `category_name` VARCHAR(150),
	IN `category_description` VARCHAR(250)
)
    COMMENT 'procedure to update, insert or save transaction category or sub category record'
BEGIN

	-- if new category
	IF id = 0 THEN
			
			INSERT INTO livestock_category(parent_id, category_name, category_description)
			VALUES (parent_id, category_name, category_description);				
		
	-- if update category	
	ELSEIF id != 0 THEN
		
		UPDATE livestock_category
		SET 
			livestock_category.parent_id = parent_id, 
			livestock_category.category_name = category_name, 
			livestock_category.category_description = category_description
		WHERE livestock_category.id = id;			
		
	END IF;

END//
DELIMITER ;

-- Dumping structure for procedure farmworkphp.livestockGetAll
DELIMITER //
CREATE PROCEDURE `livestockGetAll`(
	IN `current_page` INT,
	IN `records` INT,
	IN `is_active` INT
)
BEGIN

	DECLARE offset_rows INT DEFAULT (current_page -1) * records;	
	
	DECLARE total INT DEFAULT 0;
	DECLARE total_pages INT DEFAULT 1;
	
	SET total = (SELECT count(livestock.id) FROM livestock WHERE livestock.is_active = is_active);		 

		 	
	IF total > records THEN
		SET total_pages = (total / records) + 1;
	END IF;
	
	 
	SELECT 
		livestock.id, 
		livestock.tag, 
		livestock.livestock_type,
		livestock.livestock_subtype,
		total_pages
	FROM 
		livestock 
	-- LEFT JOIN livestock_category ON livestock_category.id = livestock.livestock_type
	WHERE livestock.is_active >= is_active
	LIMIT offset_rows, records;

END//
DELIMITER ;

-- Dumping structure for procedure farmworkphp.livestockGetSubTypeAll
DELIMITER //
CREATE PROCEDURE `livestockGetSubTypeAll`(
	IN `id` INT
)
    COMMENT 'gets sub types based on parent_id parameter'
BEGIN

	SELECT 
		livestock_category.id, 
		livestock_category.parent_id,
		livestock_category.category_name,
		livestock_category.category_description
	FROM 
		livestock_category 
	WHERE livestock_category.parent_id = id
	ORDER BY livestock_category.category_name ASC;
	
END//
DELIMITER ;

-- Dumping structure for procedure farmworkphp.livestockGetTypeAll
DELIMITER //
CREATE PROCEDURE `livestockGetTypeAll`()
    COMMENT 'get list of main livestock types'
BEGIN

	SELECT 
		livestock_category.id, 
		livestock_category.parent_id,
		livestock_category.category_name,
		livestock_category.category_description
	FROM 
		livestock_category 
	WHERE livestock_category.parent_id = 0
	ORDER BY livestock_category.category_name ASC;

END//
DELIMITER ;

-- Dumping structure for procedure farmworkphp.livestockGroupGetAll
DELIMITER //
CREATE PROCEDURE `livestockGroupGetAll`()
    COMMENT 'Gets livestock groups and their description'
BEGIN
	
	 
	SELECT 
		livestock_group.id,
		livestock_group.group_name,
		livestock_group.group_desc
	FROM 
		livestock_group;

END//
DELIMITER ;

-- Dumping structure for procedure farmworkphp.medicationAdd
DELIMITER //
CREATE PROCEDURE `medicationAdd`(
	IN `med_name` VARCHAR(50),
	IN `med_desc` VARCHAR(550),
	IN `med_instruction` VARCHAR(2000),
	IN `med_price` DECIMAL(19,2),
	IN `med_on_hand` INT
)
    COMMENT 'inserts new medication item'
BEGIN
		
	-- inserts new medication item
	INSERT INTO medication
		(
			medication.name,
			medication.`desc`,
			medication.instruction,
			medication.price,
			medication.on_hand_doses
		)
	VALUES
		(
			med_name,
			med_desc, 
			med_instruction,
			med_price,
			med_on_hand
		);
		
		
		-- get last insert id
		-- SELECT LAST_INSERT_ID();
END//
DELIMITER ;

-- Dumping structure for procedure farmworkphp.medicationDeleteOne
DELIMITER //
CREATE PROCEDURE `medicationDeleteOne`(
	IN `id` INT
)
BEGIN
	
	DELETE FROM medication
	WHERE medication.id = id;
	
END//
DELIMITER ;

-- Dumping structure for procedure farmworkphp.medicationGetAll
DELIMITER //
CREATE PROCEDURE `medicationGetAll`(
	IN `search_term` VARCHAR(50)
)
BEGIN

	-- Check the length of search string and adjust if needed
	IF LENGTH(search_term) < 2 THEN
		SET search_term = "%";
	ELSE
		SET search_term = CONCAT('%', search_term, '%') ;
	END IF;
	
	-- Run the select query itself
	SELECT 
		medication.id, 
		medication.name, 
		medication.desc, 
		medication.instruction, 
		medication.img,
		medication.price,
		medication.on_hand_doses
	FROM medication
	WHERE (medication.name LIKE search_term)
	ORDER BY medication.name ASC;
	
END//
DELIMITER ;

-- Dumping structure for procedure farmworkphp.medicationGetOne
DELIMITER //
CREATE PROCEDURE `medicationGetOne`(
	IN `id` INT
)
BEGIN
	
	SELECT medication.id, 
		medication.name, 
		medication.desc, 
		medication.instruction, 
		medication.img,
		medication.price,
		medication.on_hand_doses
	FROM medication
	WHERE medication.id = id;
	
END//
DELIMITER ;

-- Dumping structure for procedure farmworkphp.medicationUpdate
DELIMITER //
CREATE PROCEDURE `medicationUpdate`(
	IN `id` INT,
	IN `med_name` VARCHAR(50),
	IN `med_desc` VARCHAR(550),
	IN `med_instruction` VARCHAR(2000),
	IN `med_price` DECIMAL(19,2),
	IN `on_hand_doses` INT
)
BEGIN

	UPDATE medication
	SET 
		medication.name = med_name, 
		medication.`desc` = med_desc,
		medication.instruction = med_instruction,
		medication.price = med_price,
		medication.on_hand_doses = on_hand_doses
	WHERE medication.id = id;	

END//
DELIMITER ;

-- Dumping structure for procedure farmworkphp.pageSettingGet
DELIMITER //
CREATE PROCEDURE `pageSettingGet`(
	IN `page_name` VARCHAR(50)
)
BEGIN

	SELECT 
		page_settings.id,
		page_settings.page_name,
		page_settings.setting_name,
		page_settings.setting_value
	FROM 
		page_settings
	WHERE 
		page_settings.page_name = page_name;
	
END//
DELIMITER ;

-- Dumping structure for procedure farmworkphp.transactionCatDelete
DELIMITER //
CREATE PROCEDURE `transactionCatDelete`(
	IN `id` INT
)
    COMMENT 'removes category or sub category'
BEGIN
		
		-- remove category by id (if main category)
		DELETE FROM transaction_category 
		WHERE transaction_category.id = id;
		
		-- remove all sub categories
		DELETE FROM transaction_category 
		WHERE transaction_category.parent_id = id;
		
END//
DELIMITER ;

-- Dumping structure for procedure farmworkphp.transactionCatGetAll
DELIMITER //
CREATE PROCEDURE `transactionCatGetAll`()
BEGIN
	
	SELECT 
		transaction_category.id,
		transaction_category.parent_id,
		transaction_category.category_name,
		transaction_category.category_description
	FROM transaction_category 
	WHERE transaction_category.parent_id = 0
	GROUP BY transaction_category.category_name
	ORDER BY transaction_category.category_name ASC;
	
END//
DELIMITER ;

-- Dumping structure for procedure farmworkphp.transactionCatGetAllSubs
DELIMITER //
CREATE PROCEDURE `transactionCatGetAllSubs`(
	IN `parent_id` INT
)
BEGIN

	SELECT 
		transaction_category.id,
		transaction_category.parent_id,
		transaction_category.category_name,
		transaction_category.category_description
	FROM transaction_category
	WHERE transaction_category.parent_id = parent_id
	ORDER BY transaction_category.category_name ASC;

-- 	SELECT 
-- 		transaction_subcategory.id,
-- 		transaction_subcategory.category_id,
-- 		transaction_subcategory.category_sub_name,
-- 		transaction_subcategory.category_sub_description
-- 	FROM 
-- 		transaction_subcategory
-- 	WHERE 
-- 		transaction_subcategory.category_id = id
-- 	ORDER by
-- 		transaction_subcategory.category_sub_name ASC;

END//
DELIMITER ;

-- Dumping structure for procedure farmworkphp.transactionCatSave
DELIMITER //
CREATE PROCEDURE `transactionCatSave`(
	IN `id` INT,
	IN `parent_id` INT,
	IN `category_name` VARCHAR(150),
	IN `category_description` VARCHAR(250)
)
    COMMENT 'procedure to update, insert or save transaction category or sub category record'
BEGIN

	-- if new category
	IF id = 0 THEN
			
			INSERT INTO transaction_category(parent_id, category_name, category_description)
			VALUES (parent_id, category_name, category_description);				
		
	-- if update category	
	ELSEIF id != 0 THEN
		
		UPDATE transaction_category
		SET 
			transaction_category.parent_id = parent_id, 
			transaction_category.category_name = category_name, 
			transaction_category.category_description = category_description
		WHERE transaction_category.id = id;			
		
	END IF;

END//
DELIMITER ;

-- Dumping structure for procedure farmworkphp.transactionCreate
DELIMITER //
CREATE PROCEDURE `transactionCreate`(
	IN `vendor_name` VARCHAR(50),
	IN `vendor_address` VARCHAR(250),
	IN `trans_desc` VARCHAR(250),
	IN `trans_currency` VARCHAR(10),
	IN `trans_date` DATETIME
)
    COMMENT 'Inserts new main transactions into database'
BEGIN

	INSERT INTO transaction
			(			
				transaction.vendor_name,			
				transaction.vendor_address,			
				transaction.trans_desc,
				transaction.trans_currency,
				transaction.trans_date
			)
	VALUES
		  (		
	  			vendor_name,
				vendor_address,
				trans_desc,			
				trans_currency,
				trans_date
		  );
	
END//
DELIMITER ;

-- Dumping structure for procedure farmworkphp.transactionDelete
DELIMITER //
CREATE PROCEDURE `transactionDelete`(
	IN `id` CHAR(36)
)
BEGIN

	DELETE 
	FROM transaction 
	WHERE transaction.id = id;
	
END//
DELIMITER ;

-- Dumping structure for procedure farmworkphp.transactionGetTotals
DELIMITER //
CREATE PROCEDURE `transactionGetTotals`(
	IN `search_term` VARCHAR(50),
	IN `category_selected` VARCHAR(150),
	IN `sub_category_selected` VARCHAR(150),
	IN `start_date` VARCHAR(50),
	IN `end_date` VARCHAR(50)
)
    COMMENT 'selects totals for stats based on search parameters and selected categories and dates'
BEGIN

	-- DECLARE total_expences 
	DECLARE total_expences DECIMAL(19,2) DEFAULT 0;
	DECLARE total_income DECIMAL(19,2) DEFAULT 0;
	DECLARE total_feed_expences DECIMAL(19,2) DEFAULT 0;
	DECLARE total_cattle_expences DECIMAL(19,2) DEFAULT 0;
	DECLARE total_veterinary_expences DECIMAL(19,2) DEFAULT 0;
	DECLARE total_gasoline_expences DECIMAL(19,2) DEFAULT 0;
	DECLARE total_equipment DECIMAL(19,2) DEFAULT 0;
	DECLARE total_profit DECIMAL(19,2) DEFAULT 0;

	-- prepare search term
	SET search_term = CONCAT('%', search_term, '%') ;
	SET category_selected = CONCAT('%', category_selected, '%') ;	
	SET sub_category_selected = CONCAT('%', sub_category_selected, '%') ;
		
	
	-- drop temporary table if exists
	DROP TEMPORARY TABLE IF EXISTS transaction_totals_tmp;

	-- create temporary table for all required information
	CREATE TEMPORARY TABLE transaction_totals_tmp
	(
		SELECT 
			transaction.id,
			transaction.trans_desc,
			transaction.vendor_name,
			transaction_item.item_category,
			transaction_item.item_subcategory,
			transaction.trans_date,
			transaction_item.amount,
			transaction_item.is_expence
		FROM 
			transaction INNER JOIN transaction_item 
			ON transaction.id = transaction_item.transaction_id 
		WHERE 	
			(transaction.vendor_name LIKE search_term
				OR transaction.vendor_address LIKE search_term
				OR transaction.trans_desc LIKE search_term)
				AND (transaction.trans_date >= start_date AND transaction.trans_date <= end_date) 		
				AND (transaction_item.item_category LIKE category_selected AND transaction_item.item_subcategory LIKE sub_category_selected) 											
			ORDER BY transaction.trans_date DESC
	);
	
	SET total_expences = (SELECT SUM(transaction_totals_tmp.amount)
							    	FROM transaction_totals_tmp
							    	WHERE transaction_totals_tmp.is_expence = 1);
							    	
	SET total_income = (SELECT SUM(transaction_totals_tmp.amount)
						    	FROM transaction_totals_tmp
						    	WHERE transaction_totals_tmp.is_expence = 0);
							    	
	SET total_feed_expences = (SELECT SUM(transaction_totals_tmp.amount)
								    	FROM transaction_totals_tmp
								    	WHERE transaction_totals_tmp.is_expence = 1 AND transaction_totals_tmp.item_category LIKE 'Feed');
								    	
	SET total_cattle_expences = (SELECT SUM(transaction_totals_tmp.amount)
								    	FROM transaction_totals_tmp
								    	WHERE transaction_totals_tmp.is_expence = 1 AND transaction_totals_tmp.item_category LIKE 'Livestock' AND transaction_totals_tmp.item_subcategory LIKE 'Cattle');
							    	
	SET total_veterinary_expences = (SELECT SUM(transaction_totals_tmp.amount)
										    	FROM transaction_totals_tmp
										    	WHERE transaction_totals_tmp.is_expence = 1 AND transaction_totals_tmp.item_category LIKE 'Veterinary');				
										 
	
	SET total_gasoline_expences = (SELECT SUM(transaction_totals_tmp.amount)
							   		 	FROM transaction_totals_tmp
							    			WHERE transaction_totals_tmp.is_expence = 1 AND transaction_totals_tmp.item_category LIKE 'Vehicle' AND transaction_totals_tmp.item_subcategory LIKE 'Gasoline and oil');	
							    			
	SET total_equipment = (SELECT SUM(transaction_totals_tmp.amount)
						   		FROM transaction_totals_tmp
						    		WHERE transaction_totals_tmp.is_expence = 1 AND transaction_totals_tmp.item_category LIKE 'Equipment');	
							    			
							    		
											 
	SET total_profit = total_income - (-1 * total_expences);												 
								
							    	
	SELECT IFNULL(total_expences, 0) AS total_expences,
			 IFNULL(total_income, 0) AS total_income,
			 IFNULL(total_feed_expences, 0) AS total_feed_expences,
			 IFNULL(total_cattle_expences, 0) AS total_cattle_expences,
			 IFNULL(total_veterinary_expences, 0) AS total_veterinary_expences,
			 IFNULL(total_gasoline_expences, 0) AS total_gasoline_expences,
			 IFNULL(total_equipment, 0) AS total_equipment,
			 IFNULL(total_profit, 0) AS total_profit;
			 
			 
	-- drop temporary table if exists
	DROP TEMPORARY TABLE IF EXISTS transaction_totals_tmp;

			 
END//
DELIMITER ;

-- Dumping structure for procedure farmworkphp.transactionItemCreate
DELIMITER //
CREATE PROCEDURE `transactionItemCreate`(
	IN `transaction_id` CHAR(36),
	IN `item_name` VARCHAR(150),
	IN `item_desc` VARCHAR(250),
	IN `item_category` VARCHAR(150),
	IN `item_subcategory` VARCHAR(150),
	IN `amount` DECIMAL(19,2),
	IN `hst_tax` DECIMAL(19,2),
	IN `gst_tax` DECIMAL(19,2),
	IN `pst_tax` DECIMAL(19,2),
	IN `is_expence` TINYINT
)
BEGIN

	INSERT INTO transaction_item
	(
		id,
		transaction_id,
		item_name,
		item_desc,
		item_category,
		item_subcategory,
		amount,
		hst_tax,
		gst_tax,
		pst_tax,
		is_expence
	)
	VALUES 
	(
		UUID(),
		transaction_id,
		item_name,
		item_desc,
		item_category,
		item_subcategory,
		amount,
		hst_tax,
		gst_tax,
		pst_tax,
		is_expence
	);
		
END//
DELIMITER ;

-- Dumping structure for procedure farmworkphp.transactionItemDelete
DELIMITER //
CREATE PROCEDURE `transactionItemDelete`(
	IN `id` CHAR(36)
)
BEGIN

	DELETE FROM transaction_item
	WHERE transaction_item.id = id;

END//
DELIMITER ;

-- Dumping structure for procedure farmworkphp.transactionItemsGet
DELIMITER //
CREATE PROCEDURE `transactionItemsGet`(
	IN `transaction_id` CHAR(36),
	IN `category_selected` VARCHAR(150),
	IN `sub_category_selected` VARCHAR(150)
)
BEGIN

	-- prepare category item search
	IF LENGTH(category_selected) = 0 THEN
		SET category_selected = "%";
	ELSE
		SET category_selected = CONCAT('%', category_selected, '%') ;
	END IF;
	
	-- prepare sub category item search
	IF LENGTH(sub_category_selected) = 0 THEN
		SET sub_category_selected = "%";
	ELSE
		SET sub_category_selected = CONCAT('%', sub_category_selected, '%') ;
	END IF;
	

	SELECT 
		transaction_item.id,
		transaction_item.transaction_id,
		transaction_item.item_name,
		transaction_item.item_desc,
		transaction_item.item_category,
		transaction_item.item_subcategory,
		transaction_item.amount,
		transaction_item.hst_tax,
		transaction_item.gst_tax,
		transaction_item.pst_tax,
		transaction_item.is_expence
	FROM 
		transaction_item
	WHERE 		
		transaction_item.transaction_id = transaction_id 
		AND transaction_item.item_category LIKE category_selected 
		AND transaction_item.item_subcategory LIKE sub_category_selected
	ORDER BY transaction_item.item_name ASC;
		
END//
DELIMITER ;

-- Dumping structure for procedure farmworkphp.transactionsGetAll
DELIMITER //
CREATE PROCEDURE `transactionsGetAll`(
	IN `search_term` VARCHAR(50),
	IN `category_selected` VARCHAR(150),
	IN `sub_category_selected` VARCHAR(150),
	IN `current_page` INT,
	IN `take_records` INT,
	IN `start_date` VARCHAR(50),
	IN `end_date` VARCHAR(50)
)
    COMMENT 'selects all transaction records acording to the search term, categories selected and date span '
BEGIN

	-- set pager variables
	DECLARE offset_rows INT DEFAULT (current_page -1) * take_records;	
	
	DECLARE total_records INT DEFAULT 0;
	DECLARE total_pages INT DEFAULT 1;
	

	-- prepare search term
-- 	IF LENGTH(search_term) < 2 THEN
-- 		SET search_term = "%";
-- 	ELSE
-- 		SET search_term = CONCAT('%', search_term, '%') ;
-- 	END IF;
	
	SET search_term = CONCAT('%', search_term, '%') ;
	
	-- prepare sub category item search
	-- IF LENGTH(sub_category_selected) = 0 THEN
-- 		SET sub_category_selected = "%";	
-- 	ELSE
-- 		SET sub_category_selected = CONCAT('%', sub_category_selected, '%') ;				
-- 	END IF;
	
	SET sub_category_selected = CONCAT('%', sub_category_selected, '%') ;			
	
	
	-- drop temporary table if exists (sometimes mysql will wait before it drops it automatically
	-- so we need to force the table dropping
	DROP TEMPORARY TABLE IF EXISTS transaction_tmp;
		
	
	-- prepare category item search
	IF LENGTH(category_selected) = 0 THEN
		SET category_selected = "%";
					
		CREATE TEMPORARY TABLE transaction_tmp
		(
			SELECT 
				transaction.id,
				transaction.trans_desc,
				transaction.vendor_name,
				transaction.vendor_address,	
				transaction.trans_image,
				transaction.trans_currency,
				DATE(transaction.trans_date) AS trans_date
			FROM 
				transaction
			WHERE 		
				(transaction.vendor_name LIKE search_term
				OR transaction.vendor_address LIKE search_term
				OR transaction.trans_desc LIKE search_term)
				AND (transaction.trans_date >= start_date AND transaction.trans_date <= end_date) 													
--			ORDER BY transaction.trans_date DESC
			ORDER BY transaction.created_at DESC
		);
	ELSE
		SET category_selected = CONCAT('%', category_selected, '%') ;
		
		CREATE TEMPORARY TABLE transaction_tmp
		(
			SELECT 
				transaction.id,
				transaction.trans_desc,
				transaction.vendor_name,
				transaction.vendor_address,	
				transaction.trans_image,
				transaction.trans_currency,
				DATE(transaction.trans_date) AS trans_date
			FROM 
				transaction
			WHERE 		
				(transaction.vendor_name LIKE search_term
				OR transaction.vendor_address LIKE search_term
				OR transaction.trans_desc LIKE search_term)
				AND (transaction.trans_date >= start_date AND transaction.trans_date <= end_date) 		
				AND transaction.id IN (SELECT transaction_item.transaction_id 
												FROM transaction_item 
												WHERE transaction_item.item_category LIKE category_selected AND transaction_item.item_subcategory LIKE sub_category_selected) 											
			ORDER BY transaction.trans_date DESC
		);
	END IF;	
	
	
	
	-- COUNT total NUMBER of records FOR this selection
	SET total_records = (SELECT COUNT(transaction_tmp.id) FROM transaction_tmp);
	
	-- find how many pages there is
	IF total_records > take_records THEN
		SET total_pages = (total_records / take_records) + 1;
	END IF;
	
	
	-- select all the records
	SELECT *, 
		total_records AS 'total_records',
		total_pages AS 'total_pages' 
	FROM transaction_tmp; 
	
END//
DELIMITER ;

-- Dumping structure for procedure farmworkphp.transactionsGetAll_2
DELIMITER //
CREATE PROCEDURE `transactionsGetAll_2`(
	IN `search_term` VARCHAR(50),
	IN `category_selected` VARCHAR(150),
	IN `sub_category_selected` VARCHAR(150),
	IN `current_page` INT,
	IN `take_records` INT,
	IN `start_date` VARCHAR(50),
	IN `end_date` VARCHAR(50)
)
    COMMENT 'selects all transaction records acording to the search term, categories selected and date span '
BEGIN

	-- set pager variables
	DECLARE offset_rows INT DEFAULT (current_page -1) * take_records;	
	
	DECLARE total_records INT DEFAULT 0;
	DECLARE total_pages INT DEFAULT 1;
	

	-- prepare search term
-- 	IF LENGTH(search_term) < 2 THEN
-- 		SET search_term = "%";
-- 	ELSE
-- 		SET search_term = CONCAT('%', search_term, '%') ;
-- 	END IF;
	
	SET search_term = CONCAT('%', search_term, '%') ;
	
	-- prepare sub category item search
	-- IF LENGTH(sub_category_selected) = 0 THEN
-- 		SET sub_category_selected = "%";	
-- 	ELSE
-- 		SET sub_category_selected = CONCAT('%', sub_category_selected, '%') ;				
-- 	END IF;
	
	SET sub_category_selected = CONCAT('%', sub_category_selected, '%') ;			
	
	
	-- drop temporary table if exists (sometimes mysql will wait before it drops it automatically
	-- so we need to force the table dropping
	DROP TEMPORARY TABLE IF EXISTS transaction_tmp;
		
	
	-- prepare category item search
	IF LENGTH(category_selected) = 0 THEN
		SET category_selected = "%";
					
		CREATE TEMPORARY TABLE transaction_tmp
		(
			SELECT 
				transaction.id,
				transaction.trans_desc,
				transaction.vendor_name,
				transaction.vendor_address,	
				transaction.trans_image,
				transaction.trans_currency,
				DATE(transaction.trans_date) AS trans_date
			FROM 
				transaction
			WHERE 		
				(transaction.vendor_name LIKE search_term
				OR transaction.vendor_address LIKE search_term
				OR transaction.trans_desc LIKE search_term)
				AND (transaction.trans_date >= start_date AND transaction.trans_date <= end_date) 													
--			ORDER BY transaction.trans_date DESC
			ORDER BY transaction.created_at DESC
		);
	ELSE
		SET category_selected = CONCAT('%', category_selected, '%') ;
		
		CREATE TEMPORARY TABLE transaction_tmp
		(
			SELECT 
				transaction.id,
				transaction.trans_desc,
				transaction.vendor_name,
				transaction.vendor_address,	
				transaction.trans_image,
				transaction.trans_currency,
				DATE(transaction.trans_date) AS trans_date
			FROM 
				transaction
			WHERE 		
				(transaction.vendor_name LIKE search_term
				OR transaction.vendor_address LIKE search_term
				OR transaction.trans_desc LIKE search_term)
				AND (transaction.trans_date >= start_date AND transaction.trans_date <= end_date) 		
				AND transaction.id IN (SELECT transaction_item.transaction_id 
												FROM transaction_item 
												WHERE transaction_item.item_category LIKE category_selected AND transaction_item.item_subcategory LIKE sub_category_selected) 											
			ORDER BY transaction.trans_date DESC
		);
	END IF;	
	
	
	
	-- COUNT total NUMBER of records FOR this selection
	SET total_records = (SELECT COUNT(transaction_tmp.id) FROM transaction_tmp);
	
	-- find how many pages there is
	IF total_records > take_records THEN
		SET total_pages = (total_records / take_records) + 1;
	END IF;
	
	-- select totals
	--	SET exprences_total = (SELECT SUM(transaction_tmp.
	
	-- select all the records
	SELECT *, 
		total_records AS 'total_records',
		total_pages AS 'total_pages' 
	FROM transaction_tmp
		LIMIT take_records OFFSET offset_rows;
	
END//
DELIMITER ;

-- Dumping structure for procedure farmworkphp.transactionUpdate
DELIMITER //
CREATE PROCEDURE `transactionUpdate`(
	IN `id` CHAR(36),
	IN `trans_desc` VARCHAR(250),
	IN `vendor_name` VARCHAR(150),
	IN `vendor_address` VARCHAR(250),
	IN `trans_currency` VARCHAR(10),
	IN `trans_date` DATETIME
)
    COMMENT 'updates main transaction record'
BEGIN

		UPDATE transaction
		SET 
			transaction.trans_desc = trans_desc,
			transaction.vendor_name = vendor_name,
			transaction.vendor_address = vendor_address,
			transaction.trans_currency = trans_currency,
			transaction.trans_date = trans_date
		WHERE transaction.id = id;			

END//
DELIMITER ;

-- Dumping structure for procedure farmworkphp.transactionUpdateImage
DELIMITER //
CREATE PROCEDURE `transactionUpdateImage`(
	IN `id` CHAR(36),
	IN `trans_image` VARCHAR(250)
)
BEGIN

		-- check if image needs to be removed or updated
		-- if image string is empty, set it to the null
			-- prepare search term
		IF LENGTH(trans_image) = 0 THEN
			SET trans_image = NULL;
		END IF;

		-- update image value
		UPDATE transaction
		SET 
			transaction.trans_image = trans_image		
		WHERE transaction.id = id;			

END//
DELIMITER ;

-- Dumping structure for procedure farmworkphp.userCreate
DELIMITER //
CREATE PROCEDURE `userCreate`(
	IN `user_id` CHAR(16),
	IN `username` VARCHAR(15),
	IN `email` VARCHAR(50),
	IN `password` VARCHAR(36)
)
BEGIN

	INSERT INTO user(user.id, user.username, user.email, user.password, user.is_active) 
	VALUES(user_id, username, email, password, 1);
	
END//
DELIMITER ;

-- Dumping structure for procedure farmworkphp.vehicleAddOrEditOdometer
DELIMITER //
CREATE PROCEDURE `vehicleAddOrEditOdometer`(
	IN `id` INT,
	IN `year_start_odometer` INT,
	IN `year_end_odometer` INT,
	IN `vehicle_desc` VARCHAR(150),
	IN `created_at` VARCHAR(50)
)
BEGIN

IF id = 0 THEN

	INSERT INTO vehicle_log_book
	(
		year_start_odometer,
		year_end_odometer, 
		vehicle_desc, 
		created_at
	)
	VALUES 
	(
		year_start_odometer,
		year_end_odometer,
		vehicle_desc,
		created_at
	);
	
ELSEIF id > 0 THEN

	UPDATE 
		vehicle_log_book
	SET 
		vehicle_log_book.year_start_odometer = year_start_odometer,
		vehicle_log_book.year_end_odometer = year_end_odometer,
		vehicle_log_book.vehicle_desc = vehicle_desc
	WHERE vehicle_log_book.id = id;
	
END IF;
END//
DELIMITER ;

-- Dumping structure for procedure farmworkphp.vehicleAddTravelRecord
DELIMITER //
CREATE PROCEDURE `vehicleAddTravelRecord`(
	IN `vehicle_log_book_id` INT,
	IN `destination` VARCHAR(250),
	IN `address` VARCHAR(250),
	IN `purpose` VARCHAR(150),
	IN `travel_distance` INT,
	IN `travel_date` DATETIME
)
BEGIN

	INSERT 
		INTO vehicle_log_book_item
		(
			vehicle_log_book_item.vehicle_log_book_id,
			vehicle_log_book_item.destination,
			vehicle_log_book_item.address,
			vehicle_log_book_item.purpose,
			vehicle_log_book_item.travel_distance,
			vehicle_log_book_item.travel_date
		)
	VALUES
		(
			vehicle_log_book_id,
			destination,
			address,
			purpose,
			travel_distance,
			travel_date	
		);

END//
DELIMITER ;

-- Dumping structure for procedure farmworkphp.vehicleDelOdometer
DELIMITER //
CREATE PROCEDURE `vehicleDelOdometer`(
	IN `id` INT
)
BEGIN

	DELETE FROM vehicle_log_book
	WHERE vehicle_log_book.id = id;
	
END//
DELIMITER ;

-- Dumping structure for procedure farmworkphp.vehicleDelTravelRecord
DELIMITER //
CREATE PROCEDURE `vehicleDelTravelRecord`(
	IN `id` INT
)
BEGIN

	DELETE FROM vehicle_log_book_item
	WHERE vehicle_log_book_item.id = id;
	
END//
DELIMITER ;

-- Dumping structure for procedure farmworkphp.vehicleGetOdometer
DELIMITER //
CREATE PROCEDURE `vehicleGetOdometer`(
	IN `select_year` VARCHAR(50)
)
BEGIN

	SELECT 
		vehicle_log_book.id,
		vehicle_log_book.year_start_odometer,
		vehicle_log_book.year_end_odometer,
		vehicle_log_book.vehicle_desc,
		YEAR(vehicle_log_book.created_at) AS 'created_at'
	FROM vehicle_log_book
	WHERE YEAR(vehicle_log_book.created_at) = select_year
	LIMIT 1;

END//
DELIMITER ;

-- Dumping structure for procedure farmworkphp.vehicleGetTravelRecords
DELIMITER //
CREATE PROCEDURE `vehicleGetTravelRecords`(
	IN `year_id` INT
)
BEGIN

SELECT 
	vehicle_log_book_item.id,
	vehicle_log_book_item.destination,
	vehicle_log_book_item.address,
	vehicle_log_book_item.purpose,
	vehicle_log_book_item.travel_distance,
	vehicle_log_book_item.travel_date
FROM vehicle_log_book_item
WHERE vehicle_log_book_item.vehicle_log_book_id = year_id
ORDER BY vehicle_log_book_item.travel_date DESC;

END//
DELIMITER ;

/*!40103 SET TIME_ZONE=IFNULL(@OLD_TIME_ZONE, 'system') */;
/*!40101 SET SQL_MODE=IFNULL(@OLD_SQL_MODE, '') */;
/*!40014 SET FOREIGN_KEY_CHECKS=IFNULL(@OLD_FOREIGN_KEY_CHECKS, 1) */;
/*!40101 SET CHARACTER_SET_CLIENT=@OLD_CHARACTER_SET_CLIENT */;
/*!40111 SET SQL_NOTES=IFNULL(@OLD_SQL_NOTES, 1) */;
